employee_id,role_id,role_name,division,grade,base_salary_usd,tenure_years,rating,manager_id,attrition_draw,c_layoff_rank
E00001,R001,ML/AI Engineer,Engineering,2,107105,1.8,3,E00504,0.9435325056105539,
E00002,R001,ML/AI Engineer,Engineering,3,146403,0.0,2,E00574,0.35942103334157316,
E00003,R001,ML/AI Engineer,Engineering,2,110412,1.0,2,E00535,0.7848054119699771,
E00004,R001,ML/AI Engineer,Engineering,2,97576,0.7,2,E00504,0.5912781852294118,
E00005,R001,ML/AI Engineer,Engineering,2,98525,0.6,2,E00508,0.2943285611969282,
E00006,R001,ML/AI Engineer,Engineering,1,89780,0.2,1,E00550,0.9227256864229143,
E00007,R001,ML/AI Engineer,Engineering,3,143822,1.7,3,E00570,0.8693315446785694,
E00008,R001,ML/AI Engineer,Engineering,1,82585,3.2,2,E00507,0.36413842629052284,
E00009,R001,ML/AI Engineer,Engineering,1,82351,0.8,3,E00576,0.973176814632894,
E00010,R001,ML/AI Engineer,Engineering,2,110752,12.1,4,E00526,0.22452433073513123,
E00011,R001,ML/AI Engineer,Engineering,1,74889,0.8,5,E00509,0.8054958679281221,
E00012,R001,ML/AI Engineer,Engineering,2,103529,1.2,4,E00549,0.6808962312808441,
E00013,R001,ML/AI Engineer,Engineering,1,77632,6.0,5,E00516,0.47106052122569997,
E00014,R001,ML/AI Engineer,Engineering,2,110409,2.4,3,E00513,0.030805470551009684,
E00015,R001,ML/AI Engineer,Engineering,1,77160,2.8,4,E00510,0.8947982030827969,
E00016,R001,ML/AI Engineer,Engineering,1,74791,3.4,1,E00560,0.5736325238146748,
E00017,R001,ML/AI Engineer,Engineering,2,103326,1.1,3,E00543,0.39030825765317734,
E00018,R001,ML/AI Engineer,Engineering,2,93290,0.4,3,E00545,0.354679037214903,
E00019,R001,ML/AI Engineer,Engineering,2,91229,4.2,2,E00523,0.6519730194604051,
E00020,R001,ML/AI Engineer,Engineering,1,73611,3.1,4,E00520,0.3470284246126759,
E00021,R001,ML/AI Engineer,Engineering,3,134864,6.6,3,E00530,0.50757990814917,
E00022,R001,ML/AI Engineer,Engineering,1,79355,2.7,1,E00547,0.37093570271031107,
E00023,R001,ML/AI Engineer,Engineering,3,118797,2.2,5,E00529,0.05520285394721014,
E00024,R001,ML/AI Engineer,Engineering,1,83155,7.1,4,E00539,0.2504092003297004,
E00025,R001,ML/AI Engineer,Engineering,2,103271,3.7,2,E00512,0.8409630382078536,
E00026,R001,ML/AI Engineer,Engineering,1,85305,4.5,3,E00504,0.8181544146253424,
E00027,R001,ML/AI Engineer,Engineering,1,86948,0.1,2,E00571,0.667325426235869,
E00028,R001,ML/AI Engineer,Engineering,2,110382,14.3,3,E00561,0.4705875910980839,
E00029,R001,ML/AI Engineer,Engineering,1,72123,1.8,2,E00581,0.9698444927156448,
E00030,R001,ML/AI Engineer,Engineering,1,73588,2.4,4,E00562,0.8402607539796008,
E00031,R001,ML/AI Engineer,Engineering,3,120532,4.0,2,E00570,0.24506746125355572,
E00032,R001,ML/AI Engineer,Engineering,2,102888,1.9,2,E00578,0.5675470893872034,
E00033,R001,ML/AI Engineer,Engineering,3,118378,1.8,4,E00551,0.9559512472670469,
E00034,R001,ML/AI Engineer,Engineering,1,71374,11.6,2,E00581,0.7856175645936689,
E00035,R001,ML/AI Engineer,Engineering,2,113027,3.9,2,E00574,0.36935027973189016,
E00036,R001,ML/AI Engineer,Engineering,1,89432,0.4,2,E00533,0.4699236659413423,
E00037,R001,ML/AI Engineer,Engineering,1,84934,1.8,3,E00556,0.5178268272848489,
E00038,R001,ML/AI Engineer,Engineering,1,82076,2.8,3,E00556,0.9018934016953992,
E00039,R001,ML/AI Engineer,Engineering,2,92257,0.0,3,E00558,0.7142955456140426,
E00040,R001,ML/AI Engineer,Engineering,3,121436,1.8,3,E00553,0.39813792351341293,
E00041,R001,ML/AI Engineer,Engineering,3,140945,1.5,4,E00574,0.4620413496687642,
E00042,R001,ML/AI Engineer,Engineering,1,87554,0.1,4,E00506,0.09230980607106143,
E00043,R001,ML/AI Engineer,Engineering,1,89436,0.1,4,E00505,0.49203495780324513,
E00044,R001,ML/AI Engineer,Engineering,2,104176,0.1,4,E00562,0.2290223638165988,
E00045,R001,ML/AI Engineer,Engineering,2,106072,5.1,2,E00517,0.0931320279552923,
E00046,R001,ML/AI Engineer,Engineering,2,110290,0.2,5,E00524,0.0912768201647316,
E00047,R001,ML/AI Engineer,Engineering,3,115559,6.4,2,E00545,0.21582545952715448,
E00048,R001,ML/AI Engineer,Engineering,2,91267,3.1,1,E00537,0.6991263909738101,
E00049,R001,ML/AI Engineer,Engineering,2,97624,2.0,2,E00559,0.17918322492085403,
E00050,R001,ML/AI Engineer,Engineering,2,93228,9.0,1,E00554,0.5683871583041887,
E00051,R001,ML/AI Engineer,Engineering,2,91280,2.3,2,E00577,0.6026190586813316,
E00052,R001,ML/AI Engineer,Engineering,3,137119,0.8,3,E00544,0.9662654267906632,
E00053,R001,ML/AI Engineer,Engineering,1,73284,1.2,3,E00523,0.4581998481258551,
E00054,R001,ML/AI Engineer,Engineering,2,104093,5.2,3,E00525,0.7745273111862085,
E00055,R001,ML/AI Engineer,Engineering,1,73839,5.1,1,E00525,0.034894320657326006,
E00056,R001,ML/AI Engineer,Engineering,2,106561,1.8,2,E00575,0.6446066186816809,
E00057,R001,ML/AI Engineer,Engineering,2,104867,2.9,2,E00518,0.9803033292816011,
E00058,R001,ML/AI Engineer,Engineering,1,71630,4.6,3,E00509,0.047382794931938976,
E00059,R001,ML/AI Engineer,Engineering,1,82811,1.5,2,E00551,0.9076498213513692,
E00060,R001,ML/AI Engineer,Engineering,3,117844,2.6,2,E00552,0.15577836480225737,
E00061,R001,ML/AI Engineer,Engineering,3,145336,1.9,4,E00566,0.6752487079056667,
E00062,R001,ML/AI Engineer,Engineering,2,99384,2.8,1,E00517,0.025277921249428625,
E00063,R001,ML/AI Engineer,Engineering,1,74620,7.3,3,E00584,0.06146559150149089,
E00064,R001,ML/AI Engineer,Engineering,2,102969,6.9,3,E00579,0.13469665618885962,
E00065,R001,ML/AI Engineer,Engineering,1,71099,5.4,5,E00566,0.9013229582659553,
E00066,R001,ML/AI Engineer,Engineering,3,142984,2.9,3,E00580,0.7828889387129366,
E00067,R001,ML/AI Engineer,Engineering,2,94944,2.2,5,E00530,0.6617883437051537,
E00068,R001,ML/AI Engineer,Engineering,1,73689,1.9,2,E00561,0.6494568420863883,
E00069,R001,ML/AI Engineer,Engineering,3,130164,1.2,2,E00528,0.29376094630667593,
E00070,R001,ML/AI Engineer,Engineering,1,80847,0.9,3,E00576,0.5281052870916638,
E00071,R001,ML/AI Engineer,Engineering,1,70591,4.8,4,E00514,0.4818685348291617,
E00072,R001,ML/AI Engineer,Engineering,3,141613,1.1,4,E00566,0.9511148453496348,
E00073,R001,ML/AI Engineer,Engineering,1,73571,7.1,3,E00541,0.4542040975950319,
E00074,R001,ML/AI Engineer,Engineering,1,73536,5.4,3,E00556,0.7469234737285533,
E00075,R001,ML/AI Engineer,Engineering,1,75176,0.1,2,E00571,0.35865309436359105,
E00076,R001,ML/AI Engineer,Engineering,2,101835,1.1,4,E00564,0.9254249509281485,
E00077,R001,ML/AI Engineer,Engineering,3,123848,1.6,2,E00530,0.8523723208859753,
E00078,R001,ML/AI Engineer,Engineering,1,88327,0.1,4,E00578,0.9918857235336791,
E00079,R001,ML/AI Engineer,Engineering,1,81377,2.1,3,E00558,0.22704262863263358,
E00080,R001,ML/AI Engineer,Engineering,1,87210,2.9,3,E00520,0.8703851293124193,
E00081,R001,ML/AI Engineer,Engineering,2,102018,1.7,5,E00530,0.47699035828368763,
E00082,R001,ML/AI Engineer,Engineering,1,80724,0.7,3,E00563,0.5093821142008045,
E00083,R002,Senior Backend/Platform Engineer,Engineering,3,123529,5.5,3,E00559,0.5417980970465215,
E00084,R002,Senior Backend/Platform Engineer,Engineering,2,95766,2.0,4,E00517,0.09184041656835118,
E00085,R002,Senior Backend/Platform Engineer,Engineering,2,114607,1.0,3,E00536,0.8810777642394143,
E00086,R002,Senior Backend/Platform Engineer,Engineering,2,91660,6.5,2,E00540,0.6043950322643323,
E00087,R002,Senior Backend/Platform Engineer,Engineering,3,139514,0.7,3,E00527,0.10530651716801598,
E00088,R002,Senior Backend/Platform Engineer,Engineering,2,107037,0.4,2,E00530,0.7390570909263126,
E00089,R002,Senior Backend/Platform Engineer,Engineering,1,86881,1.9,4,E00504,0.11343508221245313,
E00090,R002,Senior Backend/Platform Engineer,Engineering,3,147783,7.6,3,E00555,0.3812482550937525,
E00091,R002,Senior Backend/Platform Engineer,Engineering,3,131154,6.2,2,E00571,0.6695266462551583,
E00092,R002,Senior Backend/Platform Engineer,Engineering,1,84057,6.2,4,E00555,0.46526234297005087,
E00093,R002,Senior Backend/Platform Engineer,Engineering,2,100424,3.9,2,E00508,0.06496956217162164,
E00094,R002,Senior Backend/Platform Engineer,Engineering,2,95226,0.0,2,E00577,0.6222619493307253,
E00095,R002,Senior Backend/Platform Engineer,Engineering,1,71099,4.2,2,E00560,0.36672783352208416,
E00096,R002,Senior Backend/Platform Engineer,Engineering,2,108011,3.0,2,E00572,0.3813389429009211,
E00097,R002,Senior Backend/Platform Engineer,Engineering,2,92970,4.1,3,E00537,0.16295165584735227,
E00098,R002,Senior Backend/Platform Engineer,Engineering,1,82622,1.6,4,E00507,0.18391229555002764,
E00099,R002,Senior Backend/Platform Engineer,Engineering,2,110880,3.1,4,E00518,0.9930890048720072,
E00100,R002,Senior Backend/Platform Engineer,Engineering,2,108757,2.2,3,E00516,0.6044454402724014,
E00101,R002,Senior Backend/Platform Engineer,Engineering,2,100428,5.2,4,E00506,0.587424835386556,
E00102,R002,Senior Backend/Platform Engineer,Engineering,1,78122,2.2,3,E00505,0.7809758583579395,
E00103,R002,Senior Backend/Platform Engineer,Engineering,1,73152,2.7,4,E00526,0.3835388450072813,
E00104,R002,Senior Backend/Platform Engineer,Engineering,1,86537,2.1,3,E00561,0.15416019736796305,
E00105,R002,Senior Backend/Platform Engineer,Engineering,3,125017,10.5,2,E00541,0.6071659525713866,
E00106,R002,Senior Backend/Platform Engineer,Engineering,2,104489,7.6,4,E00531,0.40483483064030057,
E00107,R002,Senior Backend/Platform Engineer,Engineering,1,74955,3.6,5,E00506,0.4034558557478497,
E00108,R002,Senior Backend/Platform Engineer,Engineering,3,130076,1.4,3,E00583,0.08783098427999292,
E00109,R002,Senior Backend/Platform Engineer,Engineering,3,125878,12.0,2,E00583,0.4209050994497495,
E00110,R002,Senior Backend/Platform Engineer,Engineering,1,79877,1.6,2,E00520,0.05193611612031013,
E00111,R002,Senior Backend/Platform Engineer,Engineering,2,110254,2.9,4,E00516,0.9019569217261972,
E00112,R002,Senior Backend/Platform Engineer,Engineering,1,85358,2.0,3,E00582,0.37484992834436515,
E00113,R002,Senior Backend/Platform Engineer,Engineering,1,73609,1.5,3,E00579,0.7153179795245687,
E00114,R002,Senior Backend/Platform Engineer,Engineering,2,108321,2.0,3,E00565,0.5883298596358278,
E00115,R002,Senior Backend/Platform Engineer,Engineering,2,112260,1.1,3,E00564,0.44014438266489386,
E00116,R002,Senior Backend/Platform Engineer,Engineering,1,75162,6.4,2,E00566,0.33845129877821023,
E00117,R002,Senior Backend/Platform Engineer,Engineering,1,77927,6.8,2,E00562,0.031940940454706745,
E00118,R002,Senior Backend/Platform Engineer,Engineering,1,71349,0.3,3,E00553,0.6545933215126275,
E00119,R002,Senior Backend/Platform Engineer,Engineering,2,109181,1.4,3,E00572,0.09945457885277298,
E00120,R002,Senior Backend/Platform Engineer,Engineering,2,113080,1.7,2,E00576,0.23480209116222894,
E00121,R002,Senior Backend/Platform Engineer,Engineering,2,91731,3.0,3,E00546,0.9589081170258331,
E00122,R002,Senior Backend/Platform Engineer,Engineering,1,72834,0.8,2,E00521,0.37583801853048204,
E00123,R002,Senior Backend/Platform Engineer,Engineering,1,70269,1.4,3,E00550,0.36249618157568897,
E00124,R002,Senior Backend/Platform Engineer,Engineering,2,94593,1.6,3,E00574,0.6898904407433305,
E00125,R002,Senior Backend/Platform Engineer,Engineering,1,78997,1.5,3,E00514,0.26974736166511737,
E00126,R002,Senior Backend/Platform Engineer,Engineering,1,82343,7.1,4,E00575,0.3681897294683367,
E00127,R002,Senior Backend/Platform Engineer,Engineering,1,70533,4.8,4,E00536,0.3074777349658019,
E00128,R002,Senior Backend/Platform Engineer,Engineering,3,138216,1.6,4,E00552,0.6953240533115017,
E00129,R002,Senior Backend/Platform Engineer,Engineering,1,87081,3.1,2,E00504,0.07728317109555005,
E00130,R002,Senior Backend/Platform Engineer,Engineering,2,110774,1.3,3,E00557,0.38090953180103027,
E00131,R002,Senior Backend/Platform Engineer,Engineering,2,109184,3.6,2,E00566,0.9972630420077412,
E00132,R002,Senior Backend/Platform Engineer,Engineering,2,98393,2.4,3,E00521,0.6409518080487174,
E00133,R002,Senior Backend/Platform Engineer,Engineering,1,80563,0.6,4,E00518,0.4751502506524885,
E00134,R002,Senior Backend/Platform Engineer,Engineering,1,71550,0.6,2,E00543,0.28919564393316266,
E00135,R002,Senior Backend/Platform Engineer,Engineering,3,121511,0.0,1,E00509,0.022676106240392513,
E00136,R002,Senior Backend/Platform Engineer,Engineering,1,78065,3.7,1,E00551,0.9094937224210086,
E00137,R002,Senior Backend/Platform Engineer,Engineering,1,85184,3.0,3,E00575,0.920802793483949,
E00138,R002,Senior Backend/Platform Engineer,Engineering,3,147873,0.6,4,E00528,0.9785156259517203,
E00139,R002,Senior Backend/Platform Engineer,Engineering,2,93776,0.8,3,E00561,0.4794784175407987,
E00140,R002,Senior Backend/Platform Engineer,Engineering,2,111166,2.2,4,E00505,0.5932916873335707,
E00141,R002,Senior Backend/Platform Engineer,Engineering,3,147264,1.5,4,E00526,0.28899720246252525,
E00142,R002,Senior Backend/Platform Engineer,Engineering,1,75859,1.1,3,E00581,0.8283978672909991,
E00143,R002,Senior Backend/Platform Engineer,Engineering,1,76515,2.5,2,E00550,0.5826546219443696,
E00144,R002,Senior Backend/Platform Engineer,Engineering,1,89259,5.7,4,E00569,0.29667263887118445,
E00145,R002,Senior Backend/Platform Engineer,Engineering,1,82018,0.9,3,E00533,0.2950591331092285,
E00146,R002,Senior Backend/Platform Engineer,Engineering,1,76110,1.0,3,E00532,0.35622953024255233,
E00147,R002,Senior Backend/Platform Engineer,Engineering,2,112265,2.6,3,E00560,0.6706954260564669,
E00148,R002,Senior Backend/Platform Engineer,Engineering,1,88451,1.2,4,E00546,0.7695699352539206,
E00149,R002,Senior Backend/Platform Engineer,Engineering,3,127191,2.2,5,E00555,0.1037302901586249,
E00150,R002,Senior Backend/Platform Engineer,Engineering,1,71331,1.8,3,E00551,0.9288857161928262,
E00151,R002,Senior Backend/Platform Engineer,Engineering,1,77661,7.3,1,E00554,0.7531299653305079,
E00152,R002,Senior Backend/Platform Engineer,Engineering,3,124272,1.8,3,E00582,0.8048760837792468,
E00153,R002,Senior Backend/Platform Engineer,Engineering,1,73555,2.4,2,E00572,0.19753518318288843,
E00154,R002,Senior Backend/Platform Engineer,Engineering,2,92047,2.5,3,E00548,0.14287388624656894,
E00155,R002,Senior Backend/Platform Engineer,Engineering,2,91782,2.3,2,E00534,0.7342128323586046,
E00156,R002,Senior Backend/Platform Engineer,Engineering,2,110070,2.1,4,E00562,0.9389650635963062,
E00157,R002,Senior Backend/Platform Engineer,Engineering,1,86516,1.3,3,E00552,0.3467293658956374,
E00158,R002,Senior Backend/Platform Engineer,Engineering,1,80899,5.3,2,E00569,0.09999952250273647,
E00159,R002,Senior Backend/Platform Engineer,Engineering,1,86594,3.3,1,E00565,0.32654882882767056,
E00160,R002,Senior Backend/Platform Engineer,Engineering,3,143626,3.8,4,E00510,0.8377456955262633,
E00161,R002,Senior Backend/Platform Engineer,Engineering,1,79841,3.0,3,E00564,0.8237511343672548,
E00162,R002,Senior Backend/Platform Engineer,Engineering,2,101738,1.4,4,E00550,0.23435478067374915,
E00163,R002,Senior Backend/Platform Engineer,Engineering,1,87601,3.9,1,E00509,0.15489523170516262,
E00164,R002,Senior Backend/Platform Engineer,Engineering,3,127376,2.6,3,E00580,0.4954866224987382,
E00165,R003,Software Engineer (general),Engineering,3,134138,3.8,3,E00518,0.3205338385073694,
E00166,R003,Software Engineer (general),Engineering,1,73246,0.3,3,E00571,0.8506611815438379,
E00167,R003,Software Engineer (general),Engineering,1,88956,3.1,4,E00534,0.46497521482628745,
E00168,R003,Software Engineer (general),Engineering,1,72602,0.3,3,E00579,0.2267679583770641,
E00169,R003,Software Engineer (general),Engineering,1,74293,1.3,3,E00569,0.43047277521685234,
E00170,R003,Software Engineer (general),Engineering,3,129159,0.6,3,E00515,0.22261322017201612,
E00171,R003,Software Engineer (general),Engineering,1,89427,5.4,3,E00550,0.7038933327690934,
E00172,R003,Software Engineer (general),Engineering,2,100947,1.4,4,E00567,0.9720259445507283,
E00173,R003,Software Engineer (general),Engineering,2,95280,2.5,2,E00575,0.6084430670125299,
E00174,R003,Software Engineer (general),Engineering,1,72577,11.8,3,E00525,0.2375674208343228,
E00175,R003,Software Engineer (general),Engineering,2,111744,3.3,3,E00542,0.8120563145298586,
E00176,R003,Software Engineer (general),Engineering,2,91676,3.4,3,E00575,0.36484529985376657,
E00177,R003,Software Engineer (general),Engineering,3,127953,7.5,4,E00577,0.08815324698847393,
E00178,R003,Software Engineer (general),Engineering,1,78222,2.3,2,E00567,0.15371282917714957,
E00179,R003,Software Engineer (general),Engineering,1,78002,2.1,3,E00538,0.37088144653481003,
E00180,R003,Software Engineer (general),Engineering,2,113506,2.6,3,E00533,0.8348566745925491,
E00181,R003,Software Engineer (general),Engineering,1,73014,7.0,3,E00562,0.22666482810310362,
E00182,R003,Software Engineer (general),Engineering,3,117136,2.0,3,E00550,0.7824811859229739,
E00183,R003,Software Engineer (general),Engineering,1,80462,0.9,3,E00522,0.08236286640457913,
E00184,R003,Software Engineer (general),Engineering,1,85214,0.3,3,E00541,0.8396315245186964,
E00185,R003,Software Engineer (general),Engineering,1,79771,0.2,3,E00547,0.7149868584050268,
E00186,R003,Software Engineer (general),Engineering,1,82721,0.3,2,E00581,0.08826944655234448,
E00187,R003,Software Engineer (general),Engineering,1,74567,0.3,3,E00505,0.0423782106702294,
E00188,R003,Software Engineer (general),Engineering,1,84132,0.5,3,E00548,0.25146713182934544,
E00189,R003,Software Engineer (general),Engineering,2,91155,4.0,3,E00574,0.1792270700650641,
E00190,R003,Software Engineer (general),Engineering,2,114766,1.4,3,E00508,0.6473700308491962,
E00191,R003,Software Engineer (general),Engineering,1,77692,0.7,2,E00567,0.4710393320583972,
E00192,R003,Software Engineer (general),Engineering,1,70704,0.5,4,E00546,0.5730588620436581,
E00193,R003,Software Engineer (general),Engineering,1,88166,3.1,4,E00518,0.2851849961709404,
E00194,R003,Software Engineer (general),Engineering,3,122171,2.7,3,E00503,0.9783676437805379,
E00195,R003,Software Engineer (general),Engineering,1,78423,0.6,3,E00585,0.10212455700527479,
E00196,R003,Software Engineer (general),Engineering,2,90698,0.1,3,E00513,0.662938186512739,
E00197,R003,Software Engineer (general),Engineering,1,80466,0.6,3,E00571,0.5315172199721948,
E00198,R003,Software Engineer (general),Engineering,2,98325,6.4,3,E00543,0.989875032669451,
E00199,R003,Software Engineer (general),Engineering,2,108330,1.6,3,E00523,0.954855724188362,
E00200,R003,Software Engineer (general),Engineering,1,89045,3.9,3,E00540,0.47962497269869697,
E00201,R003,Software Engineer (general),Engineering,2,110146,5.5,2,E00519,0.44800764268023596,
E00202,R003,Software Engineer (general),Engineering,1,86243,2.0,5,E00507,0.35666393428179033,
E00203,R003,Software Engineer (general),Engineering,3,149405,1.9,3,E00574,0.17184643797027477,
E00204,R003,Software Engineer (general),Engineering,1,78051,1.6,3,E00530,0.6818431257187594,
E00205,R003,Software Engineer (general),Engineering,3,145771,0.7,3,E00565,0.8868451025581838,
E00206,R003,Software Engineer (general),Engineering,2,112417,0.0,2,E00526,0.4761978028771221,
E00207,R003,Software Engineer (general),Engineering,2,108234,3.1,4,E00522,0.91760553844907,
E00208,R003,Software Engineer (general),Engineering,3,116907,4.2,3,E00526,0.2451468884753868,
E00209,R003,Software Engineer (general),Engineering,1,83747,1.5,3,E00516,0.26708151404923164,
E00210,R003,Software Engineer (general),Engineering,1,86681,9.0,2,E00539,0.9551391350603086,
E00211,R003,Software Engineer (general),Engineering,1,76201,3.5,3,E00525,0.9194460479565238,
E00212,R003,Software Engineer (general),Engineering,1,79422,3.4,3,E00504,0.5123844016812332,
E00213,R003,Software Engineer (general),Engineering,1,85374,2.2,3,E00545,0.5507836232082479,
E00214,R003,Software Engineer (general),Engineering,2,103502,2.0,4,E00504,0.3532081549394126,
E00215,R003,Software Engineer (general),Engineering,2,108211,3.5,3,E00542,0.02851650979713105,
E00216,R003,Software Engineer (general),Engineering,1,79308,8.0,2,E00521,0.3748285980576178,
E00217,R003,Software Engineer (general),Engineering,3,135791,5.0,3,E00580,0.9850909067822293,
E00218,R003,Software Engineer (general),Engineering,1,71086,0.1,4,E00562,0.5081698139337786,
E00219,R003,Software Engineer (general),Engineering,1,81594,2.4,3,E00524,0.8071756940786478,
E00220,R003,Software Engineer (general),Engineering,3,138429,1.6,2,E00580,0.16089404330881663,
E00221,R003,Software Engineer (general),Engineering,3,124580,1.9,4,E00526,0.7341634147868732,
E00222,R003,Software Engineer (general),Engineering,2,111947,1.9,3,E00565,0.5902935715417605,
E00223,R003,Software Engineer (general),Engineering,3,146629,0.4,3,E00543,0.9866647029966644,
E00224,R003,Software Engineer (general),Engineering,1,88448,2.9,3,E00508,0.3118540586964119,
E00225,R003,Software Engineer (general),Engineering,1,83847,0.5,3,E00577,0.4665226817299709,
E00226,R003,Software Engineer (general),Engineering,2,95140,5.4,4,E00571,0.27157513862205196,
E00227,R003,Software Engineer (general),Engineering,1,82395,0.7,3,E00549,0.7373789941158027,
E00228,R003,Software Engineer (general),Engineering,2,112361,1.9,2,E00570,0.06853269546708807,
E00229,R003,Software Engineer (general),Engineering,1,84045,12.0,3,E00518,0.7313143911178008,
E00230,R003,Software Engineer (general),Engineering,1,76017,0.5,2,E00572,0.8344154521599113,
E00231,R003,Software Engineer (general),Engineering,1,81339,4.1,2,E00546,0.24812665006230028,
E00232,R003,Software Engineer (general),Engineering,1,72173,2.3,3,E00563,0.3585807360400841,
E00233,R003,Software Engineer (general),Engineering,3,131424,1.8,3,E00582,0.34550654795178515,
E00234,R003,Software Engineer (general),Engineering,2,99751,4.1,4,E00523,0.8764257956695061,
E00235,R003,Software Engineer (general),Engineering,2,109285,4.7,2,E00562,0.15586391807598665,
E00236,R003,Software Engineer (general),Engineering,2,100594,5.7,4,E00543,0.9143115660257737,
E00237,R003,Software Engineer (general),Engineering,2,94545,2.4,4,E00571,0.09259970273153961,
E00238,R003,Software Engineer (general),Engineering,2,101622,1.2,4,E00538,0.037080447919006665,
E00239,R003,Software Engineer (general),Engineering,1,71891,3.0,2,E00579,0.8117915990189452,
E00240,R003,Software Engineer (general),Engineering,1,89891,1.4,4,E00504,0.06535475089539555,
E00241,R003,Software Engineer (general),Engineering,1,87687,8.0,2,E00542,0.5681616154133619,
E00242,R003,Software Engineer (general),Engineering,2,105055,0.0,4,E00547,0.5178425247254521,
E00243,R003,Software Engineer (general),Engineering,1,78733,1.5,3,E00528,0.8858050797363555,
E00244,R003,Software Engineer (general),Engineering,1,87397,12.0,2,E00524,0.6743598491110321,
E00245,R003,Software Engineer (general),Engineering,2,104669,0.5,2,E00575,0.9821016257120705,
E00246,R003,Software Engineer (general),Engineering,2,101229,4.1,3,E00582,0.6815333710508232,
E00247,R003,Software Engineer (general),Engineering,2,95957,8.1,5,E00553,0.3342865848029035,
E00248,R003,Software Engineer (general),Engineering,3,149429,2.8,3,E00557,0.9374205673561781,
E00249,R003,Software Engineer (general),Engineering,3,130872,8.6,3,E00582,0.07908337555932488,
E00250,R003,Software Engineer (general),Engineering,1,71145,1.5,2,E00570,0.6822094711591742,
E00251,R003,Software Engineer (general),Engineering,1,79653,10.1,3,E00516,0.1082293619226039,
E00252,R003,Software Engineer (general),Engineering,2,94836,5.8,3,E00504,0.17927983265364356,
E00253,R003,Software Engineer (general),Engineering,1,71872,7.8,3,E00559,0.38631760135043414,
E00254,R003,Software Engineer (general),Engineering,1,79246,4.1,4,E00561,0.49968001609130797,
E00255,R003,Software Engineer (general),Engineering,3,133140,9.1,3,E00502,0.05358248641232788,
E00256,R003,Software Engineer (general),Engineering,2,98452,2.6,2,E00569,0.40570031127074735,
E00257,R003,Software Engineer (general),Engineering,3,133487,3.5,4,E00506,0.5369944129422008,
E00258,R003,Software Engineer (general),Engineering,3,124887,0.7,3,E00540,0.27892537949847196,
E00259,R003,Software Engineer (general),Engineering,2,97553,4.5,2,E00530,0.4060930457891542,
E00260,R003,Software Engineer (general),Engineering,1,71318,2.9,2,E00523,0.7795275170268612,
E00261,R003,Software Engineer (general),Engineering,1,71184,1.0,3,E00554,0.19047336223290545,
E00262,R003,Software Engineer (general),Engineering,2,106006,3.8,3,E00542,0.3090028500054126,
E00263,R003,Software Engineer (general),Engineering,2,99352,3.2,3,E00578,0.27609142123721,
E00264,R003,Software Engineer (general),Engineering,1,88288,1.8,2,E00548,0.2489365427687007,
E00265,R003,Software Engineer (general),Engineering,1,72963,0.6,3,E00569,0.037272261253341266,
E00266,R003,Software Engineer (general),Engineering,3,139916,1.2,3,E00538,0.9567434406737173,
E00267,R003,Software Engineer (general),Engineering,3,126968,0.2,3,E00526,0.5086107406968642,
E00268,R003,Software Engineer (general),Engineering,3,141731,0.7,4,E00528,0.3269938694102562,
E00269,R003,Software Engineer (general),Engineering,1,89861,7.3,3,E00543,0.8804788538476237,
E00270,R003,Software Engineer (general),Engineering,3,118466,12.4,3,E00558,0.021931858322339792,
E00271,R003,Software Engineer (general),Engineering,1,77511,2.5,2,E00542,0.10598783435503434,
E00272,R003,Software Engineer (general),Engineering,1,89989,3.7,3,E00576,0.01877873129973351,
E00273,R003,Software Engineer (general),Engineering,3,115589,3.8,3,E00577,0.03058944543021358,
E00274,R003,Software Engineer (general),Engineering,1,81962,1.8,3,E00524,0.0026419996100284227,
E00275,R003,Software Engineer (general),Engineering,2,111504,8.8,4,E00533,0.608549681897383,
E00276,R003,Software Engineer (general),Engineering,3,138009,1.8,4,E00576,0.7175640715769742,
E00277,R003,Software Engineer (general),Engineering,3,141860,1.8,3,E00540,0.35410773551147534,
E00278,R003,Software Engineer (general),Engineering,3,121004,4.3,4,E00506,0.9280014409153112,
E00279,R003,Software Engineer (general),Engineering,2,108867,0.1,3,E00534,0.7556578242136883,
E00280,R003,Software Engineer (general),Engineering,2,114313,1.4,4,E00559,0.987927805884132,
E00281,R003,Software Engineer (general),Engineering,2,106649,0.7,3,E00516,0.7682878869392342,
E00282,R003,Software Engineer (general),Engineering,1,77848,2.1,2,E00530,0.5224425042678001,
E00283,R003,Software Engineer (general),Engineering,1,78856,1.4,4,E00548,0.056090745347415094,
E00284,R003,Software Engineer (general),Engineering,1,78804,1.4,3,E00546,0.11973528386881482,
E00285,R003,Software Engineer (general),Engineering,2,104651,1.9,3,E00541,0.32679443845433953,
E00286,R003,Software Engineer (general),Engineering,3,130524,10.8,3,E00531,0.13596903644460745,
E00287,R003,Software Engineer (general),Engineering,3,138865,2.7,3,E00515,0.6374474355358868,
E00288,R003,Software Engineer (general),Engineering,2,98156,1.9,3,E00508,0.06950244419565366,
E00289,R003,Software Engineer (general),Engineering,3,126635,1.0,4,E00539,0.5424425234456248,
E00290,R003,Software Engineer (general),Engineering,2,106642,5.8,3,E00515,0.36324575986635044,
E00291,R003,Software Engineer (general),Engineering,1,86278,2.3,2,E00583,0.38389435596886623,
E00292,R003,Software Engineer (general),Engineering,1,84518,5.5,4,E00584,0.07903888233858547,
E00293,R003,Software Engineer (general),Engineering,3,115165,1.5,4,E00505,0.7190117510721294,
E00294,R003,Software Engineer (general),Engineering,2,91428,4.8,3,E00536,0.764021234044539,
E00295,R003,Software Engineer (general),Engineering,2,114026,4.2,4,E00527,0.31905053135547934,
E00296,R003,Software Engineer (general),Engineering,2,99602,1.9,2,E00581,0.37636517993483964,
E00297,R003,Software Engineer (general),Engineering,1,72328,0.5,3,E00504,0.6924100792697209,
E00298,R003,Software Engineer (general),Engineering,1,77716,1.1,3,E00545,0.1319064130106471,
E00299,R003,Software Engineer (general),Engineering,3,125247,3.3,3,E00577,0.614569279901553,
E00300,R003,Software Engineer (general),Engineering,1,72449,1.1,4,E00577,0.3421036108278537,
E00301,R003,Software Engineer (general),Engineering,1,85430,0.9,3,E00535,0.7004463911564167,
E00302,R003,Software Engineer (general),Engineering,1,85815,11.1,3,E00539,0.6355039267415254,
E00303,R003,Software Engineer (general),Engineering,1,71938,6.9,2,E00538,0.3117922049668673,
E00304,R003,Software Engineer (general),Engineering,2,110488,1.2,2,E00585,0.2799712738157767,
E00305,R003,Software Engineer (general),Engineering,3,149053,0.9,4,E00550,0.39190028658764,
E00306,R003,Software Engineer (general),Engineering,1,76037,15.0,3,E00542,0.29595418147583363,
E00307,R003,Software Engineer (general),Engineering,2,95617,0.5,3,E00511,0.7589543022689086,
E00308,R003,Software Engineer (general),Engineering,1,79286,0.3,2,E00523,0.7905969472242201,
E00309,R003,Software Engineer (general),Engineering,3,135980,2.0,3,E00507,0.4954855219073986,
E00310,R003,Software Engineer (general),Engineering,1,86345,9.3,5,E00516,0.23692908761027942,
E00311,R003,Software Engineer (general),Engineering,2,104875,3.4,3,E00555,0.492437876762003,
E00312,R003,Software Engineer (general),Engineering,1,86601,1.8,2,E00508,0.7564595936273224,
E00313,R003,Software Engineer (general),Engineering,1,89887,5.5,4,E00570,0.5455409641085923,
E00314,R003,Software Engineer (general),Engineering,3,129753,1.4,2,E00511,0.015525795862667224,
E00315,R003,Software Engineer (general),Engineering,1,70703,0.7,2,E00562,0.08760931977091213,
E00316,R003,Software Engineer (general),Engineering,2,113759,5.4,4,E00559,0.384472738774308,
E00317,R003,Software Engineer (general),Engineering,2,108725,2.4,4,E00519,0.8426312876611303,
E00318,R003,Software Engineer (general),Engineering,1,73895,1.5,3,E00532,0.42762189879187607,
E00319,R003,Software Engineer (general),Engineering,3,144091,3.8,2,E00538,0.6235442698160186,
E00320,R003,Software Engineer (general),Engineering,1,87067,0.4,3,E00575,0.5643705384531938,
E00321,R003,Software Engineer (general),Engineering,3,134315,0.7,3,E00508,0.08090232634613193,
E00322,R003,Software Engineer (general),Engineering,1,80725,3.1,3,E00518,0.4775740853461812,
E00323,R003,Software Engineer (general),Engineering,1,84697,7.9,3,E00532,0.4316389481880526,
E00324,R003,Software Engineer (general),Engineering,1,83043,4.9,3,E00580,0.4579629360812266,
E00325,R003,Software Engineer (general),Engineering,2,96074,3.7,3,E00557,0.9107232218485439,
E00326,R003,Software Engineer (general),Engineering,2,106900,0.6,3,E00517,0.29934480160508004,
E00327,R003,Software Engineer (general),Engineering,1,78704,7.5,3,E00559,0.9774548228309196,
E00328,R003,Software Engineer (general),Engineering,1,89195,3.4,3,E00524,0.4720253113246192,
E00329,R003,Software Engineer (general),Engineering,1,70049,0.1,4,E00537,0.4777146084842758,
E00330,R003,Software Engineer (general),Engineering,2,109280,6.4,2,E00530,0.7123506604346835,
E00331,R003,Software Engineer (general),Engineering,1,76630,1.1,2,E00553,0.4771006989296088,
E00332,R003,Software Engineer (general),Engineering,2,97724,0.5,3,E00524,0.05917043526067722,
E00333,R003,Software Engineer (general),Engineering,3,127516,0.8,3,E00582,0.5621795486222899,
E00334,R003,Software Engineer (general),Engineering,3,135822,0.6,3,E00536,0.0866809294695533,
E00335,R003,Software Engineer (general),Engineering,1,82302,3.2,2,E00519,0.9293267001580551,
E00336,R003,Software Engineer (general),Engineering,1,87024,3.5,3,E00569,0.31133994938358833,
E00337,R003,Software Engineer (general),Engineering,1,74391,5.7,3,E00583,0.93373224818419,
E00338,R003,Software Engineer (general),Engineering,3,137317,2.6,3,E00507,0.518597254124047,
E00339,R003,Software Engineer (general),Engineering,1,89387,0.2,4,E00559,0.7813124853035306,
E00340,R003,Software Engineer (general),Engineering,1,74734,0.3,3,E00522,0.5064052075870651,
E00341,R003,Software Engineer (general),Engineering,1,73893,3.8,3,E00579,0.21066551824607171,
E00342,R003,Software Engineer (general),Engineering,1,72068,5.2,4,E00506,0.9970746825665235,
E00343,R003,Software Engineer (general),Engineering,3,137656,0.4,3,E00518,0.6343774920197505,
E00344,R003,Software Engineer (general),Engineering,2,98046,6.9,5,E00567,0.4505774508739673,
E00345,R003,Software Engineer (general),Engineering,2,108960,4.0,4,E00540,0.9402476161720571,
E00346,R003,Software Engineer (general),Engineering,1,86846,7.2,3,E00512,0.556451079488075,
E00347,R003,Software Engineer (general),Engineering,1,82557,0.9,2,E00554,0.4062645208336252,
E00348,R003,Software Engineer (general),Engineering,3,128428,10.5,3,E00544,0.19865515482464458,
E00349,R003,Software Engineer (general),Engineering,1,71335,12.4,4,E00561,0.3337086622246763,
E00350,R003,Software Engineer (general),Engineering,1,70053,1.6,3,E00574,0.811593290103394,
E00351,R003,Software Engineer (general),Engineering,1,71768,1.9,4,E00509,0.1615316244462467,
E00352,R003,Software Engineer (general),Engineering,1,87930,0.8,3,E00528,0.46288607220471,
E00353,R003,Software Engineer (general),Engineering,1,82133,2.0,2,E00526,0.6427808242323546,
E00354,R003,Software Engineer (general),Engineering,1,74316,4.2,3,E00511,0.44415963689294935,
E00355,R003,Software Engineer (general),Engineering,1,84656,1.6,3,E00568,0.39894178917675116,
E00356,R004,SRE/DevOps Engineer,Engineering,2,99421,1.0,3,E00524,0.037026548109255986,
E00357,R004,SRE/DevOps Engineer,Engineering,2,101049,7.8,3,E00572,0.8157184975864428,
E00358,R004,SRE/DevOps Engineer,Engineering,1,86982,5.3,3,E00580,0.07395283110157369,
E00359,R004,SRE/DevOps Engineer,Engineering,1,77907,0.1,2,E00533,0.43274554538774546,
E00360,R004,SRE/DevOps Engineer,Engineering,2,99923,0.6,2,E00509,0.08429921696479159,
E00361,R004,SRE/DevOps Engineer,Engineering,1,85831,1.3,3,E00559,0.3140742595797593,
E00362,R004,SRE/DevOps Engineer,Engineering,2,94834,1.2,3,E00574,0.780857645992629,
E00363,R004,SRE/DevOps Engineer,Engineering,2,109932,3.8,2,E00570,0.9250517181175281,
E00364,R004,SRE/DevOps Engineer,Engineering,1,74927,2.4,3,E00512,0.0401618955321742,
E00365,R004,SRE/DevOps Engineer,Engineering,1,83156,3.4,3,E00554,0.3011735922116777,
E00366,R004,SRE/DevOps Engineer,Engineering,1,80352,2.7,3,E00515,0.6886043837707811,
E00367,R004,SRE/DevOps Engineer,Engineering,1,84811,3.2,3,E00550,0.3718391336590541,
E00368,R004,SRE/DevOps Engineer,Engineering,1,70248,0.1,2,E00566,0.9871953012464607,
E00369,R004,SRE/DevOps Engineer,Engineering,1,73059,0.6,3,E00543,0.14211965726987685,
E00370,R004,SRE/DevOps Engineer,Engineering,2,100450,13.3,3,E00555,0.13788344815637488,
E00371,R004,SRE/DevOps Engineer,Engineering,1,71339,1.2,3,E00502,0.7280971263021728,
E00372,R004,SRE/DevOps Engineer,Engineering,3,133011,0.3,3,E00528,0.6942383308457641,
E00373,R004,SRE/DevOps Engineer,Engineering,3,147242,0.6,3,E00550,0.936823785972604,
E00374,R004,SRE/DevOps Engineer,Engineering,1,74550,2.6,2,E00560,0.07422999160642019,
E00375,R004,SRE/DevOps Engineer,Engineering,1,79578,0.8,2,E00579,0.016537872850981183,
E00376,R004,SRE/DevOps Engineer,Engineering,1,87635,0.1,4,E00514,0.12831400164273954,
E00377,R004,SRE/DevOps Engineer,Engineering,2,96244,2.6,2,E00532,0.9220067526421102,
E00378,R004,SRE/DevOps Engineer,Engineering,2,109534,3.1,3,E00576,0.4339453877796088,
E00379,R004,SRE/DevOps Engineer,Engineering,1,88835,4.9,3,E00508,0.42900890592895,
E00380,R004,SRE/DevOps Engineer,Engineering,2,96204,5.9,2,E00550,0.2698031984582856,
E00381,R004,SRE/DevOps Engineer,Engineering,2,109847,2.1,3,E00527,0.1946378077119575,
E00382,R004,SRE/DevOps Engineer,Engineering,1,83487,3.6,3,E00581,0.11684865488206375,
E00383,R004,SRE/DevOps Engineer,Engineering,2,113722,1.7,3,E00569,0.7533399547415232,
E00384,R004,SRE/DevOps Engineer,Engineering,2,104739,0.6,4,E00552,0.04295754356150672,
E00385,R004,SRE/DevOps Engineer,Engineering,1,83656,14.0,4,E00532,0.7412332661271351,
E00386,R004,SRE/DevOps Engineer,Engineering,1,87712,0.4,3,E00550,0.5008089311489748,
E00387,R004,SRE/DevOps Engineer,Engineering,3,117477,3.0,3,E00561,0.18062566011402614,
E00388,R004,SRE/DevOps Engineer,Engineering,2,90204,0.7,4,E00574,0.22907423203209276,
E00389,R004,SRE/DevOps Engineer,Engineering,1,76523,9.4,2,E00504,0.04355204361559861,
E00390,R004,SRE/DevOps Engineer,Engineering,3,144455,2.5,3,E00550,0.842209529066435,
E00391,R004,SRE/DevOps Engineer,Engineering,3,144222,0.3,3,E00525,0.5970032786346695,
E00392,R004,SRE/DevOps Engineer,Engineering,1,76946,2.2,3,E00509,0.7353083796124295,
E00393,R004,SRE/DevOps Engineer,Engineering,1,70024,0.3,2,E00569,0.5388469001656003,
E00394,R004,SRE/DevOps Engineer,Engineering,1,73925,3.2,3,E00553,0.05998508856827289,
E00395,R004,SRE/DevOps Engineer,Engineering,1,76404,0.6,2,E00519,0.7106684397668785,
E00396,R004,SRE/DevOps Engineer,Engineering,1,86424,6.1,3,E00526,0.8891344574164542,
E00397,R004,SRE/DevOps Engineer,Engineering,1,81183,1.1,3,E00535,0.26431069426796117,
E00398,R004,SRE/DevOps Engineer,Engineering,3,128445,0.7,3,E00555,0.3900272935438651,
E00399,R004,SRE/DevOps Engineer,Engineering,2,90936,0.3,4,E00546,0.9914195844987728,
E00400,R004,SRE/DevOps Engineer,Engineering,2,97019,2.4,2,E00585,0.6173129943970019,
E00401,R004,SRE/DevOps Engineer,Engineering,1,71226,2.0,2,E00577,0.1304649887088013,
E00402,R004,SRE/DevOps Engineer,Engineering,2,108333,2.3,3,E00553,0.17377088413212183,
E00403,R004,SRE/DevOps Engineer,Engineering,1,77272,3.6,3,E00565,0.2576204834437589,
E00404,R004,SRE/DevOps Engineer,Engineering,1,71670,8.0,3,E00572,0.9278241224729301,
E00405,R004,SRE/DevOps Engineer,Engineering,3,136034,2.6,4,E00508,0.8085997833169112,
E00406,R004,SRE/DevOps Engineer,Engineering,3,146298,2.1,3,E00531,0.01678984964170327,
E00407,R004,SRE/DevOps Engineer,Engineering,2,109947,3.7,3,E00566,0.5621356752141721,
E00408,R004,SRE/DevOps Engineer,Engineering,1,87931,1.9,3,E00502,0.20009405533684033,
E00409,R004,SRE/DevOps Engineer,Engineering,1,78122,3.5,3,E00558,0.24981716839715173,
E00410,R004,SRE/DevOps Engineer,Engineering,2,114787,0.2,3,E00505,0.5271652082265473,
E00411,R004,SRE/DevOps Engineer,Engineering,2,90223,2.5,3,E00547,0.19275633043766371,
E00412,R004,SRE/DevOps Engineer,Engineering,2,110681,9.7,3,E00503,0.6863947031969191,
E00413,R004,SRE/DevOps Engineer,Engineering,3,126047,3.9,3,E00575,0.03798954808766686,
E00414,R004,SRE/DevOps Engineer,Engineering,1,77101,1.2,3,E00520,0.0318312963050269,
E00415,R004,SRE/DevOps Engineer,Engineering,1,86923,0.9,3,E00578,0.2892995854294237,
E00416,R004,SRE/DevOps Engineer,Engineering,2,104205,3.4,3,E00524,0.09235199702584329,
E00417,R004,SRE/DevOps Engineer,Engineering,3,149967,1.8,3,E00547,0.8546662677964634,
E00418,R004,SRE/DevOps Engineer,Engineering,3,124359,4.3,3,E00529,0.7690557400153111,
E00419,R004,SRE/DevOps Engineer,Engineering,3,117080,10.9,3,E00546,0.5600721467864479,
E00420,R004,SRE/DevOps Engineer,Engineering,2,105766,4.6,4,E00556,0.7345080979103413,
E00421,R004,SRE/DevOps Engineer,Engineering,1,78650,2.9,3,E00542,0.009807929306287155,
E00422,R004,SRE/DevOps Engineer,Engineering,2,104290,7.2,3,E00564,0.23936699713683585,
E00423,R004,SRE/DevOps Engineer,Engineering,2,102080,2.0,3,E00538,0.5184107389483773,
E00424,R004,SRE/DevOps Engineer,Engineering,1,85036,0.7,4,E00566,0.8044426439211985,
E00425,R004,SRE/DevOps Engineer,Engineering,1,88899,1.4,3,E00540,0.5907211914956251,
E00426,R004,SRE/DevOps Engineer,Engineering,2,110577,2.2,3,E00565,0.3312265413778206,
E00427,R004,SRE/DevOps Engineer,Engineering,2,107302,5.9,3,E00516,0.25022591160046836,
E00428,R004,SRE/DevOps Engineer,Engineering,2,105875,4.3,3,E00573,0.8594845211350165,
E00429,R004,SRE/DevOps Engineer,Engineering,2,112048,2.4,3,E00532,0.5564704692384587,
E00430,R004,SRE/DevOps Engineer,Engineering,2,97639,8.1,3,E00562,0.8536720450090515,
E00431,R004,SRE/DevOps Engineer,Engineering,3,128029,8.4,4,E00540,0.10335171626734885,
E00432,R004,SRE/DevOps Engineer,Engineering,1,88245,1.8,4,E00540,0.802779705829729,
E00433,R004,SRE/DevOps Engineer,Engineering,1,85636,0.2,2,E00505,0.0695483148082211,
E00434,R004,SRE/DevOps Engineer,Engineering,2,99515,4.7,3,E00536,0.3507669502830749,
E00435,R004,SRE/DevOps Engineer,Engineering,3,142690,3.5,3,E00547,0.4010438089704025,
E00436,R004,SRE/DevOps Engineer,Engineering,3,130556,11.8,3,E00508,0.06467901617219507,
E00437,R004,SRE/DevOps Engineer,Engineering,1,72829,0.2,3,E00517,0.9293041049357571,
E00438,R005,QA/Test Engineer,Engineering,1,86621,3.9,3,E00503,0.4154618038769091,153.0
E00439,R005,QA/Test Engineer,Engineering,2,111878,7.6,4,E00569,0.06467509868581334,408.0
E00440,R005,QA/Test Engineer,Engineering,3,139608,0.9,4,E00573,0.6909010871992953,446.0
E00441,R005,QA/Test Engineer,Engineering,2,100339,3.4,3,E00566,0.3346891336113511,173.0
E00442,R005,QA/Test Engineer,Engineering,2,113554,1.1,2,E00514,0.5993729170256712,78.0
E00443,R005,QA/Test Engineer,Engineering,1,77161,2.7,4,E00568,0.6665245010556019,384.0
E00444,R005,QA/Test Engineer,Engineering,3,142395,2.1,4,E00574,0.9708162982201689,409.0
E00445,R005,QA/Test Engineer,Engineering,2,93018,2.1,3,E00507,0.5754631824157668,336.0
E00446,R005,QA/Test Engineer,Engineering,2,110452,2.2,3,E00535,0.6426452351483346,147.0
E00447,R005,QA/Test Engineer,Engineering,2,105796,0.7,3,E00571,0.9599493859906455,178.0
E00448,R005,QA/Test Engineer,Engineering,3,124187,2.3,2,E00507,0.32328924074727106,30.0
E00449,R005,QA/Test Engineer,Engineering,1,88980,2.6,3,E00562,0.3323855689520684,151.0
E00450,R005,QA/Test Engineer,Engineering,3,129081,1.2,2,E00571,0.7115406043176534,85.0
E00451,R005,QA/Test Engineer,Engineering,1,89596,6.8,3,E00509,0.6441303738728781,259.0
E00452,R005,QA/Test Engineer,Engineering,2,98083,0.0,4,E00562,0.3289530614617926,451.0
E00453,R005,QA/Test Engineer,Engineering,2,93957,6.9,4,E00560,0.9344013668499304,420.0
E00454,R005,QA/Test Engineer,Engineering,1,76270,6.6,3,E00585,0.9776750525693032,166.0
E00455,R005,QA/Test Engineer,Engineering,2,95644,2.3,4,E00508,0.9946146226544221,398.0
E00456,R005,QA/Test Engineer,Engineering,1,80005,3.5,3,E00547,0.6969968885039378,361.0
E00457,R005,QA/Test Engineer,Engineering,1,83491,0.9,3,E00539,0.8307929869887261,150.0
E00458,R005,QA/Test Engineer,Engineering,1,72288,1.3,3,E00580,0.9006451992479891,94.0
E00459,R005,QA/Test Engineer,Engineering,2,95156,0.0,3,E00538,0.5996033471288245,279.0
E00460,R005,QA/Test Engineer,Engineering,1,88673,4.1,3,E00544,0.9051283016984605,188.0
E00461,R005,QA/Test Engineer,Engineering,1,85300,11.6,3,E00507,0.5511240651466885,227.0
E00462,R005,QA/Test Engineer,Engineering,1,82458,13.1,3,E00523,0.32476713611263763,126.0
E00463,R005,QA/Test Engineer,Engineering,2,108403,0.0,2,E00566,0.5195282358605061,46.0
E00464,R005,QA/Test Engineer,Engineering,2,107289,2.7,3,E00535,0.1611063881791739,132.0
E00465,R005,QA/Test Engineer,Engineering,1,77637,12.9,2,E00571,0.9721942699372333,65.0
E00466,R005,QA/Test Engineer,Engineering,2,93029,1.9,2,E00557,0.16114151165667445,6.0
E00467,R005,QA/Test Engineer,Engineering,1,70304,1.1,4,E00534,0.3329260198324919,424.0
E00468,R005,QA/Test Engineer,Engineering,1,79934,0.4,3,E00576,0.1250626238204563,266.0
E00469,R005,QA/Test Engineer,Engineering,2,103178,2.6,3,E00559,0.8293122594076306,273.0
E00470,R005,QA/Test Engineer,Engineering,3,141249,4.0,4,E00570,0.7436950089908878,434.0
E00471,R005,QA/Test Engineer,Engineering,1,85864,4.2,3,E00505,0.8454201622520885,195.0
E00472,R005,QA/Test Engineer,Engineering,2,105666,0.2,3,E00580,0.9231103759134078,297.0
E00473,R005,QA/Test Engineer,Engineering,2,105591,1.1,4,E00543,0.7825593708196495,445.0
E00474,R005,QA/Test Engineer,Engineering,2,99374,3.4,3,E00547,0.6009084289199315,350.0
E00475,R005,QA/Test Engineer,Engineering,3,144079,6.7,3,E00561,0.6969356796098386,264.0
E00476,R005,QA/Test Engineer,Engineering,2,112398,1.1,3,E00540,0.8499885767930785,362.0
E00477,R005,QA/Test Engineer,Engineering,1,70573,3.3,3,E00521,0.15919037682532677,331.0
E00478,R005,QA/Test Engineer,Engineering,3,123491,3.1,3,E00546,0.2300996677317213,265.0
E00479,R005,QA/Test Engineer,Engineering,2,94297,0.6,3,E00584,0.5794119763602888,101.0
E00480,R005,QA/Test Engineer,Engineering,2,99067,3.1,4,E00580,0.4748876084013868,440.0
E00481,R005,QA/Test Engineer,Engineering,1,74663,15.0,4,E00521,0.9339202560178472,402.0
E00482,R005,QA/Test Engineer,Engineering,2,113498,5.3,3,E00532,0.33081504455194444,311.0
E00483,R005,QA/Test Engineer,Engineering,2,113213,4.0,3,E00540,0.06881221718814556,228.0
E00484,R005,QA/Test Engineer,Engineering,2,99176,0.5,3,E00507,0.28515690512816305,103.0
E00485,R005,QA/Test Engineer,Engineering,2,106848,0.4,4,E00515,0.17830331779541153,373.0
E00486,R005,QA/Test Engineer,Engineering,2,96994,0.1,2,E00534,0.4247667249374123,15.0
E00487,R005,QA/Test Engineer,Engineering,1,77164,9.5,4,E00549,0.10589578041329384,379.0
E00488,R005,QA/Test Engineer,Engineering,1,75879,13.9,3,E00556,0.6220830781534951,99.0
E00489,R005,QA/Test Engineer,Engineering,2,90212,15.0,2,E00544,0.3877813217010756,41.0
E00490,R005,QA/Test Engineer,Engineering,3,147301,7.0,4,E00571,0.22871709374182736,413.0
E00491,R005,QA/Test Engineer,Engineering,2,101221,2.4,2,E00540,0.8874813543234135,28.0
E00492,R005,QA/Test Engineer,Engineering,1,83926,0.8,3,E00581,0.9883800034757926,155.0
E00493,R005,QA/Test Engineer,Engineering,1,84913,6.5,3,E00502,0.6852943800139596,109.0
E00494,R005,QA/Test Engineer,Engineering,1,84550,3.5,2,E00559,0.106888286811202,79.0
E00495,R005,QA/Test Engineer,Engineering,2,99616,5.8,4,E00584,0.5262475738790137,423.0
E00496,R005,QA/Test Engineer,Engineering,1,89409,7.6,3,E00570,0.6998155354841138,348.0
E00497,R005,QA/Test Engineer,Engineering,1,71454,0.3,3,E00541,0.4679046624725596,315.0
E00498,R005,QA/Test Engineer,Engineering,1,89648,0.8,3,E00570,0.16860208141576527,202.0
E00499,R005,QA/Test Engineer,Engineering,1,82081,0.4,4,E00568,0.3469555575319131,381.0
E00500,R005,QA/Test Engineer,Engineering,2,111257,4.3,3,E00569,0.8951290731143645,182.0
E00501,R005,QA/Test Engineer,Engineering,2,99044,4.4,4,E00583,0.041010453319019646,459.0
E00502,R006,Engineering Manager,Engineering,4,179799,0.6,2,E00594,0.05167293245122784,
E00503,R006,Engineering Manager,Engineering,4,187994,0.0,3,E00589,0.6975933640146067,
E00504,R006,Engineering Manager,Engineering,4,160507,1.1,3,E00599,0.8289914623192532,
E00505,R006,Engineering Manager,Engineering,4,182750,2.8,3,E00588,0.6170379230770432,
E00506,R006,Engineering Manager,Engineering,4,153822,7.9,3,E00598,0.9010357005522589,
E00507,R006,Engineering Manager,Engineering,4,153632,3.6,3,E00588,0.5137470020016042,
E00508,R006,Engineering Manager,Engineering,4,177280,0.8,2,E00586,0.6502323620963804,
E00509,R006,Engineering Manager,Engineering,4,183652,3.7,3,E00596,0.4314381390467502,
E00510,R006,Engineering Manager,Engineering,4,179383,0.1,2,E00587,0.7917003304734136,
E00511,R006,Engineering Manager,Engineering,4,182706,0.8,3,E00587,0.03515926685219661,
E00512,R006,Engineering Manager,Engineering,4,179586,0.8,3,E00599,0.39148617929054386,
E00513,R006,Engineering Manager,Engineering,4,172343,3.4,3,E00599,0.36211401843225066,
E00514,R006,Engineering Manager,Engineering,4,176019,0.9,3,E00595,0.10908343337838156,
E00515,R006,Engineering Manager,Engineering,4,189710,3.7,3,E00596,0.47796962619648864,
E00516,R006,Engineering Manager,Engineering,4,150817,0.8,3,E00587,0.7446932909784529,
E00517,R006,Engineering Manager,Engineering,4,174811,5.4,4,E00594,0.14844903340821902,
E00518,R006,Engineering Manager,Engineering,4,156971,2.5,3,E00598,0.9945711418501221,
E00519,R006,Engineering Manager,Engineering,4,172767,0.8,3,E00592,0.2000022840888871,
E00520,R006,Engineering Manager,Engineering,4,176068,0.0,4,E00587,0.900519613126699,
E00521,R006,Engineering Manager,Engineering,4,161228,4.0,3,E00595,0.019301571616339164,
E00522,R006,Engineering Manager,Engineering,4,177890,1.0,3,E00593,0.5103300479152126,
E00523,R006,Engineering Manager,Engineering,4,167912,0.1,3,E00595,0.06151518713073001,
E00524,R006,Engineering Manager,Engineering,4,185874,1.6,2,E00591,0.29420215814534145,
E00525,R006,Engineering Manager,Engineering,4,185435,1.2,3,E00592,0.8056303405053942,
E00526,R006,Engineering Manager,Engineering,4,180410,1.4,3,E00590,0.6095674159736304,
E00527,R006,Engineering Manager,Engineering,4,175246,6.7,3,E00593,0.8905600048286537,
E00528,R006,Engineering Manager,Engineering,4,160762,1.0,3,E00589,0.4884447166767869,
E00529,R006,Engineering Manager,Engineering,4,168086,0.5,3,E00590,0.1088774568095967,
E00530,R006,Engineering Manager,Engineering,4,161818,2.8,3,E00587,0.07679038480534195,
E00531,R006,Engineering Manager,Engineering,4,158645,0.8,3,E00587,0.5288811349874342,
E00532,R006,Engineering Manager,Engineering,4,179916,5.1,4,E00591,0.9185169987966993,
E00533,R006,Engineering Manager,Engineering,4,157664,7.2,2,E00592,0.9855534476721741,
E00534,R006,Engineering Manager,Engineering,4,161830,1.2,3,E00587,0.7515522614582613,
E00535,R006,Engineering Manager,Engineering,4,185514,1.9,3,E00593,0.06983010304705095,
E00536,R006,Engineering Manager,Engineering,4,180662,1.8,3,E00594,0.17451407286515186,
E00537,R006,Engineering Manager,Engineering,4,183256,0.7,3,E00591,0.6327941950666904,
E00538,R006,Engineering Manager,Engineering,4,168871,2.6,3,E00590,0.5884129593226294,
E00539,R006,Engineering Manager,Engineering,4,174107,2.8,3,E00589,0.9104742497286217,
E00540,R006,Engineering Manager,Engineering,4,160492,3.9,4,E00596,0.4822946555191375,
E00541,R006,Engineering Manager,Engineering,4,169526,12.2,4,E00594,0.27643937898734705,
E00542,R006,Engineering Manager,Engineering,4,184825,0.7,3,E00599,0.12002959384231537,
E00543,R006,Engineering Manager,Engineering,4,163545,0.7,3,E00596,0.7520014161896433,
E00544,R006,Engineering Manager,Engineering,4,160698,0.9,3,E00598,0.9066643398726323,
E00545,R006,Engineering Manager,Engineering,4,156747,11.3,3,E00590,0.7285257008284631,
E00546,R006,Engineering Manager,Engineering,4,167759,0.7,3,E00596,0.16125380085941277,
E00547,R006,Engineering Manager,Engineering,4,185925,0.9,3,E00597,0.617188893208633,
E00548,R006,Engineering Manager,Engineering,4,181401,6.7,2,E00596,0.8992592313887139,
E00549,R006,Engineering Manager,Engineering,4,165603,3.7,2,E00598,0.47811747152369166,
E00550,R006,Engineering Manager,Engineering,4,177997,4.7,3,E00587,0.03908407809013936,
E00551,R006,Engineering Manager,Engineering,4,172335,1.4,3,E00586,0.2714907671029484,
E00552,R006,Engineering Manager,Engineering,4,184062,2.7,3,E00599,0.6582797380026137,
E00553,R006,Engineering Manager,Engineering,4,185267,3.0,3,E00593,0.12572930390314918,
E00554,R006,Engineering Manager,Engineering,4,156924,1.4,3,E00594,0.3499350351324656,
E00555,R006,Engineering Manager,Engineering,4,178264,3.2,3,E00587,0.9800509979812155,
E00556,R006,Engineering Manager,Engineering,4,186677,2.8,3,E00593,0.13032624676532822,
E00557,R006,Engineering Manager,Engineering,4,167823,2.2,3,E00589,0.43639295518918453,
E00558,R006,Engineering Manager,Engineering,4,157789,7.9,3,E00595,0.6489118446163965,
E00559,R006,Engineering Manager,Engineering,4,167517,2.1,3,E00587,0.21226018893346066,
E00560,R006,Engineering Manager,Engineering,4,152554,5.9,3,E00588,0.8096048630071558,
E00561,R006,Engineering Manager,Engineering,4,183755,2.1,4,E00597,0.17228817962856469,
E00562,R006,Engineering Manager,Engineering,4,166762,4.8,3,E00592,0.5983308880295267,
E00563,R006,Engineering Manager,Engineering,4,170312,0.2,3,E00587,0.03753535650060358,
E00564,R006,Engineering Manager,Engineering,4,165744,1.8,2,E00587,0.9996871412736408,
E00565,R006,Engineering Manager,Engineering,4,158140,2.0,3,E00590,0.5271082372377349,
E00566,R006,Engineering Manager,Engineering,4,160249,1.1,4,E00598,0.23886288850802995,
E00567,R006,Engineering Manager,Engineering,4,155937,4.5,3,E00592,0.13527195140008497,
E00568,R006,Engineering Manager,Engineering,4,184385,5.6,3,E00592,0.04062877806917553,
E00569,R006,Engineering Manager,Engineering,4,174849,1.5,3,E00592,0.2668559146490481,
E00570,R006,Engineering Manager,Engineering,4,176823,12.5,3,E00587,0.8423401475666116,
E00571,R006,Engineering Manager,Engineering,4,163173,8.4,3,E00588,0.2484285327818465,
E00572,R006,Engineering Manager,Engineering,4,189605,1.9,3,E00599,0.939483726981978,
E00573,R006,Engineering Manager,Engineering,4,162076,4.5,3,E00587,0.992370635459526,
E00574,R006,Engineering Manager,Engineering,4,175129,4.9,3,E00594,0.5741071527322911,
E00575,R006,Engineering Manager,Engineering,4,171518,0.7,3,E00590,0.11674361162225921,
E00576,R006,Engineering Manager,Engineering,4,178198,0.6,3,E00596,0.3405626482213603,
E00577,R006,Engineering Manager,Engineering,4,156731,3.0,3,E00588,0.7039181379293925,
E00578,R006,Engineering Manager,Engineering,4,157831,2.2,4,E00597,0.3731421812278899,
E00579,R006,Engineering Manager,Engineering,4,186207,2.5,3,E00586,0.6502910324811046,
E00580,R006,Engineering Manager,Engineering,4,185086,7.3,3,E00595,0.6903490136921201,
E00581,R006,Engineering Manager,Engineering,4,177121,5.4,2,E00593,0.1693109605318669,
E00582,R006,Engineering Manager,Engineering,4,159150,0.6,4,E00592,0.2942319742302466,
E00583,R006,Engineering Manager,Engineering,4,158054,1.8,3,E00593,0.6562455084283502,
E00584,R006,Engineering Manager,Engineering,4,184423,0.4,3,E00589,0.5110295127545775,
E00585,R006,Engineering Manager,Engineering,4,180712,1.3,3,E00594,0.5059580679935678,
E00586,R007,Engineering Director,Engineering,5,226723,4.0,3,E00600,0.12070522331045841,
E00587,R007,Engineering Director,Engineering,5,227171,4.8,2,E00600,0.9032409817018343,
E00588,R007,Engineering Director,Engineering,5,236069,1.5,3,E00600,0.02920311096966499,
E00589,R007,Engineering Director,Engineering,5,228298,7.3,3,E00600,0.7511472557877833,
E00590,R007,Engineering Director,Engineering,5,234968,1.8,3,E00600,0.291798642232555,
E00591,R007,Engineering Director,Engineering,5,220047,1.7,3,E00600,0.7702161314948133,
E00592,R007,Engineering Director,Engineering,5,210110,2.1,3,E00600,0.3133137170328699,
E00593,R007,Engineering Director,Engineering,5,228126,5.9,3,E00600,0.8041831405019255,
E00594,R007,Engineering Director,Engineering,5,236760,6.9,3,E00600,0.6190313284083159,
E00595,R007,Engineering Director,Engineering,5,192039,1.6,3,E00600,0.9626169555221586,
E00596,R007,Engineering Director,Engineering,5,237481,0.2,3,E00600,0.7153866620252027,
E00597,R007,Engineering Director,Engineering,5,238040,2.3,3,E00600,0.8972628852147165,
E00598,R007,Engineering Director,Engineering,5,215414,0.3,3,E00600,0.352329741443443,
E00599,R007,Engineering Director,Engineering,5,222915,1.7,3,E00600,0.7020813199576391,
E00600,R008,Engineering VP,Engineering,6,277357,0.2,3,E02001,0.687058519107138,
E00601,R009,Enterprise Account Executive,Sales,2,94953,3.4,1,E00937,0.20648831483141827,
E00602,R009,Enterprise Account Executive,Sales,3,136482,0.3,4,E00970,0.7649219028551849,
E00603,R009,Enterprise Account Executive,Sales,1,80641,0.2,3,E00969,0.5435452823975826,
E00604,R009,Enterprise Account Executive,Sales,1,70048,5.0,3,E00981,0.9170411108785991,
E00605,R009,Enterprise Account Executive,Sales,1,81510,0.1,1,E00941,0.5106388814579668,
E00606,R009,Enterprise Account Executive,Sales,2,114051,3.7,3,E00967,0.8688202112517778,
E00607,R009,Enterprise Account Executive,Sales,3,145242,0.2,3,E00955,0.30981809051985587,
E00608,R009,Enterprise Account Executive,Sales,1,76568,0.5,4,E00960,0.35247333769701095,
E00609,R009,Enterprise Account Executive,Sales,2,108483,1.2,3,E00984,0.5562446301616085,
E00610,R009,Enterprise Account Executive,Sales,3,120310,3.6,3,E00981,0.0709141005284345,
E00611,R009,Enterprise Account Executive,Sales,3,120852,2.4,3,E00985,0.4372099899766204,
E00612,R009,Enterprise Account Executive,Sales,2,110400,4.4,3,E00987,0.891838301991515,
E00613,R009,Enterprise Account Executive,Sales,1,85574,0.9,3,E00981,0.6580959945451769,
E00614,R009,Enterprise Account Executive,Sales,1,81712,0.7,4,E00966,0.935082454933453,
E00615,R009,Enterprise Account Executive,Sales,2,99163,0.7,4,E00945,0.920957721271417,
E00616,R009,Enterprise Account Executive,Sales,2,91900,7.9,4,E00961,0.10358222866428113,
E00617,R009,Enterprise Account Executive,Sales,2,90770,2.2,4,E00987,0.2570124347284989,
E00618,R009,Enterprise Account Executive,Sales,2,92038,1.6,5,E00947,0.738568935345574,
E00619,R009,Enterprise Account Executive,Sales,2,97063,2.9,4,E00942,0.44574247936264966,
E00620,R009,Enterprise Account Executive,Sales,1,78904,11.4,5,E00976,0.7918914700692613,
E00621,R009,Enterprise Account Executive,Sales,2,114328,0.9,4,E00986,0.4798329348327993,
E00622,R009,Enterprise Account Executive,Sales,1,87998,4.1,2,E00936,0.19482489037486939,
E00623,R009,Enterprise Account Executive,Sales,2,91396,5.7,2,E00976,0.28511862469484506,
E00624,R009,Enterprise Account Executive,Sales,3,140044,0.7,2,E00980,0.558699287979929,
E00625,R009,Enterprise Account Executive,Sales,1,88111,1.6,3,E00989,0.8886795411642171,
E00626,R009,Enterprise Account Executive,Sales,3,124704,4.8,3,E00983,0.022318102629856673,
E00627,R009,Enterprise Account Executive,Sales,1,77238,0.8,4,E00990,0.5101325007234135,
E00628,R009,Enterprise Account Executive,Sales,1,88642,0.4,3,E00943,0.5578854612561156,
E00629,R009,Enterprise Account Executive,Sales,3,127822,1.9,4,E00964,0.9133042677046248,
E00630,R009,Enterprise Account Executive,Sales,2,104195,2.2,2,E00981,0.052874808460376954,
E00631,R009,Enterprise Account Executive,Sales,3,123327,10.8,2,E00952,0.4008643192335456,
E00632,R009,Enterprise Account Executive,Sales,2,103458,9.0,2,E00979,0.7110885294004623,
E00633,R009,Enterprise Account Executive,Sales,1,86686,11.7,4,E00986,0.20336064840940726,
E00634,R009,Enterprise Account Executive,Sales,3,126281,3.6,3,E00985,0.6642039336569815,
E00635,R009,Enterprise Account Executive,Sales,2,106688,6.9,4,E00952,0.2558726695628114,
E00636,R009,Enterprise Account Executive,Sales,1,75816,3.0,2,E00980,0.5298320719780116,
E00637,R009,Enterprise Account Executive,Sales,1,74710,1.4,5,E00953,0.5507695001263321,
E00638,R009,Enterprise Account Executive,Sales,3,115780,7.1,4,E00985,0.10626064274578795,
E00639,R009,Enterprise Account Executive,Sales,1,70702,10.6,2,E00966,0.5453120228083643,
E00640,R009,Enterprise Account Executive,Sales,2,93762,0.6,3,E00979,0.4942060822066323,
E00641,R009,Enterprise Account Executive,Sales,1,73843,0.5,2,E00942,0.21420175824342147,
E00642,R009,Enterprise Account Executive,Sales,2,95959,1.8,2,E00943,0.014035596005824824,
E00643,R009,Enterprise Account Executive,Sales,3,115006,3.4,3,E00960,0.7858703850061971,
E00644,R009,Enterprise Account Executive,Sales,1,77695,0.3,2,E00969,0.4558701978359029,
E00645,R009,Enterprise Account Executive,Sales,1,77596,0.7,5,E00942,0.4934767021640001,
E00646,R009,Enterprise Account Executive,Sales,1,74497,1.1,4,E00951,0.370986979691476,
E00647,R009,Enterprise Account Executive,Sales,1,72330,4.5,2,E00960,0.36369552765706326,
E00648,R009,Enterprise Account Executive,Sales,2,109212,0.9,2,E00973,0.567669561045303,
E00649,R009,Enterprise Account Executive,Sales,3,135888,1.1,3,E00985,0.5539355331489209,
E00650,R009,Enterprise Account Executive,Sales,1,87195,3.0,4,E00977,0.356756558352627,
E00651,R009,Enterprise Account Executive,Sales,1,77897,0.7,4,E00986,0.5813208012779055,
E00652,R009,Enterprise Account Executive,Sales,1,71403,5.0,2,E00986,0.3597982354648349,
E00653,R009,Enterprise Account Executive,Sales,1,74172,2.3,1,E00988,0.44198035806311164,
E00654,R009,Enterprise Account Executive,Sales,2,95439,6.2,4,E00982,0.3608384472857208,
E00655,R009,Enterprise Account Executive,Sales,2,109760,0.1,3,E00975,0.025075305851911533,
E00656,R009,Enterprise Account Executive,Sales,1,70787,0.6,2,E00965,0.06707004244996717,
E00657,R009,Enterprise Account Executive,Sales,3,115971,4.2,2,E00976,0.9107105105084861,
E00658,R009,Enterprise Account Executive,Sales,3,117010,2.1,2,E00986,0.4741486872719425,
E00659,R009,Enterprise Account Executive,Sales,2,108222,11.7,2,E00958,0.13932885365146863,
E00660,R009,Enterprise Account Executive,Sales,1,80115,0.1,2,E00954,0.63396126263245,
E00661,R009,Enterprise Account Executive,Sales,1,77791,4.6,3,E00985,0.8404966752470988,
E00662,R009,Enterprise Account Executive,Sales,2,99120,5.9,3,E00972,0.352549605196648,
E00663,R009,Enterprise Account Executive,Sales,1,82712,0.5,2,E00942,0.41841624598376614,
E00664,R009,Enterprise Account Executive,Sales,3,129593,5.7,4,E00950,0.9166677783036734,
E00665,R009,Enterprise Account Executive,Sales,3,142036,3.9,2,E00944,0.9271641363387967,
E00666,R009,Enterprise Account Executive,Sales,2,112549,4.7,4,E00987,0.8264244527587682,
E00667,R009,Enterprise Account Executive,Sales,1,88737,10.1,4,E00941,0.4583669243667746,
E00668,R009,Enterprise Account Executive,Sales,3,127920,0.1,2,E00937,0.35168706118635307,
E00669,R009,Enterprise Account Executive,Sales,2,98399,5.7,3,E00957,0.060425131384632236,
E00670,R009,Enterprise Account Executive,Sales,2,100315,1.0,2,E00959,0.7159396554472753,
E00671,R009,Enterprise Account Executive,Sales,1,88566,9.4,1,E00938,0.1976043851558581,
E00672,R009,Enterprise Account Executive,Sales,2,114577,0.7,5,E00962,0.7605396092274457,
E00673,R009,Enterprise Account Executive,Sales,1,72327,3.0,3,E00974,0.860144184032993,
E00674,R009,Enterprise Account Executive,Sales,2,114906,0.5,2,E00979,0.49648457193026496,
E00675,R009,Enterprise Account Executive,Sales,3,124136,2.0,3,E00945,0.6064865058722732,
E00676,R009,Enterprise Account Executive,Sales,2,91161,1.1,1,E00978,0.6298055990320173,
E00677,R009,Enterprise Account Executive,Sales,3,146739,3.3,2,E00973,0.2626027336514851,
E00678,R009,Enterprise Account Executive,Sales,1,73673,4.7,3,E00984,0.3045006403441358,
E00679,R009,Enterprise Account Executive,Sales,1,74627,4.3,4,E00966,0.3112702641063477,
E00680,R009,Enterprise Account Executive,Sales,2,104604,8.0,3,E00941,0.6426559718701061,
E00681,R009,Enterprise Account Executive,Sales,1,81020,1.3,4,E00973,0.8532555915823945,
E00682,R009,Enterprise Account Executive,Sales,1,80656,11.0,3,E00979,0.7452886896828388,
E00683,R009,Enterprise Account Executive,Sales,3,120786,6.6,3,E00974,0.6164545830026443,
E00684,R009,Enterprise Account Executive,Sales,3,123285,0.5,2,E00965,0.08830048626326703,
E00685,R009,Enterprise Account Executive,Sales,2,108971,1.6,1,E00979,0.37443679600253765,
E00686,R009,Enterprise Account Executive,Sales,2,96028,11.5,3,E00984,0.45042284587901504,
E00687,R009,Enterprise Account Executive,Sales,3,148378,5.2,3,E00961,0.6886807328483716,
E00688,R009,Enterprise Account Executive,Sales,2,93006,1.7,2,E00958,0.8191689212154021,
E00689,R009,Enterprise Account Executive,Sales,2,112390,1.9,2,E00966,0.47208861844862626,
E00690,R009,Enterprise Account Executive,Sales,1,75526,0.7,2,E00972,0.808511801489161,
E00691,R009,Enterprise Account Executive,Sales,1,84101,7.0,1,E00949,0.4578516952796773,
E00692,R009,Enterprise Account Executive,Sales,1,85611,2.6,3,E00940,0.2469364953897082,
E00693,R009,Enterprise Account Executive,Sales,2,102013,2.9,2,E00963,0.09880324050622058,
E00694,R009,Enterprise Account Executive,Sales,1,89801,0.1,2,E00972,0.29803674882867925,
E00695,R009,Enterprise Account Executive,Sales,3,139730,1.9,3,E00940,0.46131866277943834,
E00696,R009,Enterprise Account Executive,Sales,1,82143,3.1,4,E00945,0.7404918698891729,
E00697,R009,Enterprise Account Executive,Sales,2,101124,6.7,4,E00988,0.8706523093185103,
E00698,R009,Enterprise Account Executive,Sales,2,107287,0.5,3,E00965,0.41648434785262756,
E00699,R009,Enterprise Account Executive,Sales,1,84580,15.0,2,E00987,0.30876469707205734,
E00700,R009,Enterprise Account Executive,Sales,1,72151,3.7,3,E00976,0.5244542019729012,
E00701,R009,Enterprise Account Executive,Sales,3,124012,6.6,3,E00939,0.37444148962237467,
E00702,R009,Enterprise Account Executive,Sales,2,98813,7.7,2,E00942,0.2444702330805586,
E00703,R009,Enterprise Account Executive,Sales,2,91040,0.3,4,E00935,0.7486899930048201,
E00704,R009,Enterprise Account Executive,Sales,3,146858,0.0,2,E00982,0.2562844403889871,
E00705,R009,Enterprise Account Executive,Sales,3,140922,2.0,3,E00957,0.7279519595363609,
E00706,R009,Enterprise Account Executive,Sales,2,99583,0.6,4,E00949,0.650943264691644,
E00707,R009,Enterprise Account Executive,Sales,1,70593,0.3,3,E00964,0.31724470344357014,
E00708,R009,Enterprise Account Executive,Sales,1,81866,0.9,3,E00972,0.8015551962457591,
E00709,R009,Enterprise Account Executive,Sales,1,79627,1.1,5,E00961,0.31902910674379326,
E00710,R009,Enterprise Account Executive,Sales,2,98723,2.0,4,E00938,0.8372202057046617,
E00711,R009,Enterprise Account Executive,Sales,1,87918,0.8,4,E00953,0.6579201870079096,
E00712,R009,Enterprise Account Executive,Sales,2,112871,4.4,3,E00956,0.09385651617821666,
E00713,R009,Enterprise Account Executive,Sales,1,78903,0.2,3,E00969,0.46061588545436993,
E00714,R009,Enterprise Account Executive,Sales,1,70325,7.7,3,E00972,0.19351220914646172,
E00715,R009,Enterprise Account Executive,Sales,2,107623,2.5,1,E00957,0.4799068465547929,
E00716,R010,Solutions Architect (Sales Eng.),Sales,1,82419,5.6,3,E00951,0.055153315459600116,
E00717,R010,Solutions Architect (Sales Eng.),Sales,2,114657,1.4,4,E00957,0.08420239309615807,
E00718,R010,Solutions Architect (Sales Eng.),Sales,1,76600,5.3,4,E00942,0.5355517123410745,
E00719,R010,Solutions Architect (Sales Eng.),Sales,3,115189,0.4,3,E00936,0.7122707238809362,
E00720,R010,Solutions Architect (Sales Eng.),Sales,3,126239,1.1,4,E00944,0.1658462399485755,
E00721,R010,Solutions Architect (Sales Eng.),Sales,1,77877,0.5,3,E00968,0.5540766494830721,
E00722,R010,Solutions Architect (Sales Eng.),Sales,1,78424,1.3,2,E00967,0.7109818952830016,
E00723,R010,Solutions Architect (Sales Eng.),Sales,3,131953,1.2,4,E00939,0.8385502466372167,
E00724,R010,Solutions Architect (Sales Eng.),Sales,2,99333,8.4,3,E00976,0.4391130731776062,
E00725,R010,Solutions Architect (Sales Eng.),Sales,1,74583,2.6,2,E00983,0.9914918370559437,
E00726,R010,Solutions Architect (Sales Eng.),Sales,2,110156,4.3,2,E00948,0.9792159012991678,
E00727,R010,Solutions Architect (Sales Eng.),Sales,1,87532,0.4,4,E00961,0.8182483549548741,
E00728,R010,Solutions Architect (Sales Eng.),Sales,3,146938,2.4,3,E00956,0.34883870712585563,
E00729,R010,Solutions Architect (Sales Eng.),Sales,2,101304,3.3,3,E00954,0.16938425807454505,
E00730,R010,Solutions Architect (Sales Eng.),Sales,2,91069,2.4,4,E00989,0.19990205336190936,
E00731,R010,Solutions Architect (Sales Eng.),Sales,1,77645,7.7,4,E00972,0.9164836261928052,
E00732,R010,Solutions Architect (Sales Eng.),Sales,2,105469,2.5,3,E00974,0.053573485234421514,
E00733,R010,Solutions Architect (Sales Eng.),Sales,1,77257,0.2,5,E00984,0.4202917025891968,
E00734,R010,Solutions Architect (Sales Eng.),Sales,2,94450,2.9,2,E00962,0.8379943032675898,
E00735,R010,Solutions Architect (Sales Eng.),Sales,2,103585,3.2,4,E00944,0.21576039752042453,
E00736,R010,Solutions Architect (Sales Eng.),Sales,2,90029,4.7,2,E00974,0.12510619278761426,
E00737,R010,Solutions Architect (Sales Eng.),Sales,3,117784,1.4,4,E00957,0.2453671883281352,
E00738,R010,Solutions Architect (Sales Eng.),Sales,1,82565,6.5,4,E00988,0.7079044681330123,
E00739,R010,Solutions Architect (Sales Eng.),Sales,1,78860,5.4,3,E00989,0.624818175292193,
E00740,R010,Solutions Architect (Sales Eng.),Sales,1,73566,2.6,3,E00956,0.09017653409544313,
E00741,R010,Solutions Architect (Sales Eng.),Sales,2,104300,1.9,4,E00983,0.15160991399960155,
E00742,R010,Solutions Architect (Sales Eng.),Sales,1,81614,1.2,3,E00976,0.5896702744959325,
E00743,R010,Solutions Architect (Sales Eng.),Sales,2,98213,3.8,4,E00956,0.5429582169361868,
E00744,R010,Solutions Architect (Sales Eng.),Sales,3,125546,0.6,3,E00972,0.7224371904673415,
E00745,R010,Solutions Architect (Sales Eng.),Sales,1,70007,1.7,3,E00955,0.2299192789802298,
E00746,R010,Solutions Architect (Sales Eng.),Sales,2,100012,1.2,4,E00981,0.535408973239054,
E00747,R010,Solutions Architect (Sales Eng.),Sales,1,77348,2.2,2,E00980,0.8244794965461045,
E00748,R010,Solutions Architect (Sales Eng.),Sales,2,110527,1.5,4,E00988,0.9617283093245816,
E00749,R010,Solutions Architect (Sales Eng.),Sales,3,148915,2.3,2,E00939,0.7577839213987658,
E00750,R010,Solutions Architect (Sales Eng.),Sales,3,126223,0.8,4,E00974,0.8761871844870566,
E00751,R010,Solutions Architect (Sales Eng.),Sales,3,129212,1.6,2,E00941,0.20295136189683505,
E00752,R010,Solutions Architect (Sales Eng.),Sales,1,81052,1.6,4,E00981,0.4862338315532633,
E00753,R010,Solutions Architect (Sales Eng.),Sales,1,80038,1.6,4,E00966,0.9745181552137667,
E00754,R010,Solutions Architect (Sales Eng.),Sales,2,99038,2.5,3,E00962,0.6154747329577896,
E00755,R010,Solutions Architect (Sales Eng.),Sales,1,79370,6.5,3,E00966,0.1506620095581328,
E00756,R010,Solutions Architect (Sales Eng.),Sales,1,85130,0.7,3,E00986,0.3845235278308393,
E00757,R010,Solutions Architect (Sales Eng.),Sales,1,73963,3.1,5,E00966,0.18805910253085623,
E00758,R010,Solutions Architect (Sales Eng.),Sales,3,118970,8.4,4,E00988,0.8265260424570046,
E00759,R010,Solutions Architect (Sales Eng.),Sales,2,106693,0.2,2,E00977,0.1539943318602668,
E00760,R010,Solutions Architect (Sales Eng.),Sales,2,113775,1.7,4,E00989,0.43823765056066444,
E00761,R010,Solutions Architect (Sales Eng.),Sales,2,92146,1.7,5,E00984,0.4875529330449607,
E00762,R010,Solutions Architect (Sales Eng.),Sales,2,106974,0.6,1,E00938,0.5027699957584177,
E00763,R010,Solutions Architect (Sales Eng.),Sales,3,145656,3.4,2,E00957,0.8361660769432402,
E00764,R010,Solutions Architect (Sales Eng.),Sales,2,108666,0.5,2,E00956,0.04561202200119652,
E00765,R010,Solutions Architect (Sales Eng.),Sales,3,149388,1.8,5,E00953,0.1848749401418699,
E00766,R010,Solutions Architect (Sales Eng.),Sales,3,142979,7.3,3,E00964,0.20066062066837964,
E00767,R010,Solutions Architect (Sales Eng.),Sales,1,78925,1.6,3,E00982,0.44893730614395444,
E00768,R010,Solutions Architect (Sales Eng.),Sales,1,70771,1.6,4,E00944,0.9154181599977578,
E00769,R010,Solutions Architect (Sales Eng.),Sales,1,83947,3.8,2,E00948,0.7291688848549909,
E00770,R010,Solutions Architect (Sales Eng.),Sales,3,133329,0.2,2,E00952,0.4440653880269336,
E00771,R010,Solutions Architect (Sales Eng.),Sales,1,87165,0.0,4,E00984,0.3370494596115434,
E00772,R010,Solutions Architect (Sales Eng.),Sales,3,148125,0.4,2,E00940,0.8082237122647966,
E00773,R011,Sales Development Rep,Sales,1,87777,1.3,3,E00974,0.6452022635652482,
E00774,R011,Sales Development Rep,Sales,2,91650,13.4,3,E00945,0.7039138985304759,
E00775,R011,Sales Development Rep,Sales,3,116229,1.4,3,E00982,0.8928109673762006,
E00776,R011,Sales Development Rep,Sales,2,113327,2.6,3,E00986,0.051996117908863826,
E00777,R011,Sales Development Rep,Sales,2,105300,2.8,3,E00970,0.8098757419184106,
E00778,R011,Sales Development Rep,Sales,3,132802,5.4,3,E00971,0.9877527666195445,
E00779,R011,Sales Development Rep,Sales,1,89972,10.3,3,E00940,0.49879147073236163,
E00780,R011,Sales Development Rep,Sales,1,88449,0.2,3,E00981,0.07512830649246327,
E00781,R011,Sales Development Rep,Sales,3,128185,0.8,3,E00975,0.09628763007712549,
E00782,R011,Sales Development Rep,Sales,1,88256,2.5,3,E00938,0.9088163320791107,
E00783,R011,Sales Development Rep,Sales,2,93303,0.6,3,E00962,0.1790038529569754,
E00784,R011,Sales Development Rep,Sales,2,90129,0.4,2,E00961,0.7720798570510864,
E00785,R011,Sales Development Rep,Sales,2,94441,4.3,3,E00945,0.7562694559138204,
E00786,R011,Sales Development Rep,Sales,2,96238,7.0,3,E00990,0.404473192804623,
E00787,R011,Sales Development Rep,Sales,1,85280,2.2,3,E00940,0.22783328791654567,
E00788,R011,Sales Development Rep,Sales,2,105079,0.7,3,E00971,0.1174997476411953,
E00789,R011,Sales Development Rep,Sales,1,87274,1.0,2,E00949,0.28696852991123567,
E00790,R011,Sales Development Rep,Sales,1,89712,0.4,1,E00981,0.6360348263753048,
E00791,R011,Sales Development Rep,Sales,1,76348,4.5,3,E00942,0.8301775409346068,
E00792,R011,Sales Development Rep,Sales,2,112714,10.9,4,E00954,0.4825663175308914,
E00793,R011,Sales Development Rep,Sales,1,76060,1.2,3,E00942,0.11856582973429008,
E00794,R011,Sales Development Rep,Sales,3,138020,1.0,3,E00950,0.8224407919566019,
E00795,R011,Sales Development Rep,Sales,1,72786,5.1,4,E00982,0.5028413427129801,
E00796,R011,Sales Development Rep,Sales,1,74229,2.7,3,E00980,0.444235462377054,
E00797,R011,Sales Development Rep,Sales,2,103113,2.9,3,E00988,0.7402669199654938,
E00798,R011,Sales Development Rep,Sales,2,94028,2.1,4,E00948,0.03754004829361468,
E00799,R011,Sales Development Rep,Sales,1,71386,0.1,3,E00990,0.1809813780166618,
E00800,R011,Sales Development Rep,Sales,2,98193,2.0,3,E00980,0.033457192789406065,
E00801,R011,Sales Development Rep,Sales,1,73325,1.7,3,E00966,0.25454757773109926,
E00802,R011,Sales Development Rep,Sales,1,76641,0.4,3,E00964,0.4653832917649977,
E00803,R011,Sales Development Rep,Sales,3,123198,2.3,3,E00966,0.1848313009835133,
E00804,R011,Sales Development Rep,Sales,1,77082,5.1,3,E00977,0.03510538173265243,
E00805,R011,Sales Development Rep,Sales,1,80707,4.0,2,E00938,0.07959624406771504,
E00806,R011,Sales Development Rep,Sales,2,109719,3.0,4,E00986,0.35362317606740834,
E00807,R011,Sales Development Rep,Sales,1,82555,2.2,3,E00941,0.44243126706511937,
E00808,R011,Sales Development Rep,Sales,2,114410,5.4,3,E00941,0.17716786223270564,
E00809,R011,Sales Development Rep,Sales,1,80209,0.7,3,E00978,0.48902744841904755,
E00810,R011,Sales Development Rep,Sales,1,88651,1.4,3,E00961,0.6356383420648148,
E00811,R011,Sales Development Rep,Sales,2,105797,2.1,3,E00966,0.345415962691603,
E00812,R011,Sales Development Rep,Sales,2,91577,1.8,3,E00957,0.521014960742135,
E00813,R011,Sales Development Rep,Sales,1,79789,12.3,3,E00966,0.18914030343871302,
E00814,R011,Sales Development Rep,Sales,1,85335,1.4,4,E00975,0.36514833613724895,
E00815,R011,Sales Development Rep,Sales,2,111239,7.7,3,E00977,0.3807153804136686,
E00816,R011,Sales Development Rep,Sales,2,98167,2.2,3,E00975,0.6741509140527816,
E00817,R011,Sales Development Rep,Sales,1,81244,1.7,3,E00980,0.7772681218476855,
E00818,R011,Sales Development Rep,Sales,3,149292,15.0,3,E00977,0.3191702426679436,
E00819,R011,Sales Development Rep,Sales,2,106067,2.6,3,E00974,0.6721940376135377,
E00820,R011,Sales Development Rep,Sales,2,114503,1.1,3,E00978,0.25084514502980904,
E00821,R011,Sales Development Rep,Sales,3,136891,2.1,3,E00935,0.8793440543548733,
E00822,R011,Sales Development Rep,Sales,3,148701,0.9,3,E00985,0.12672230693982078,
E00823,R011,Sales Development Rep,Sales,3,125891,0.1,3,E00965,0.597942584546865,
E00824,R011,Sales Development Rep,Sales,1,77227,1.5,3,E00961,0.23412067025148575,
E00825,R011,Sales Development Rep,Sales,1,81916,2.8,3,E00981,0.32048171832477856,
E00826,R011,Sales Development Rep,Sales,2,104468,0.1,4,E00953,0.38136749282374927,
E00827,R011,Sales Development Rep,Sales,1,77412,1.1,2,E00980,0.19034714773102623,
E00828,R011,Sales Development Rep,Sales,2,103163,4.8,3,E00953,0.5243509583417465,
E00829,R011,Sales Development Rep,Sales,1,80639,3.2,3,E00988,0.8971637269034028,
E00830,R011,Sales Development Rep,Sales,2,97299,4.4,3,E00988,0.9743770254727881,
E00831,R011,Sales Development Rep,Sales,3,149233,7.5,3,E00964,0.10484266398747799,
E00832,R011,Sales Development Rep,Sales,3,118647,3.4,3,E00983,0.0814106100137012,
E00833,R011,Sales Development Rep,Sales,1,77819,0.4,3,E00964,0.38555360459288235,
E00834,R011,Sales Development Rep,Sales,3,132610,1.3,3,E00962,0.950280821198383,
E00835,R011,Sales Development Rep,Sales,1,85047,1.6,3,E00936,0.7268886988090433,
E00836,R011,Sales Development Rep,Sales,2,97144,0.2,4,E00955,0.3506951153628318,
E00837,R011,Sales Development Rep,Sales,1,83826,2.0,3,E00963,0.9551678947452539,
E00838,R011,Sales Development Rep,Sales,1,88947,1.3,3,E00942,0.8873335150645332,
E00839,R011,Sales Development Rep,Sales,1,86243,0.2,4,E00966,0.402494551783139,
E00840,R011,Sales Development Rep,Sales,1,73917,1.6,3,E00955,0.9495374493421225,
E00841,R011,Sales Development Rep,Sales,3,146987,10.9,3,E00986,0.8143355881923445,
E00842,R011,Sales Development Rep,Sales,1,78616,14.1,4,E00946,0.7014751149199177,
E00843,R011,Sales Development Rep,Sales,2,91170,2.2,4,E00984,0.7655500269255252,
E00844,R011,Sales Development Rep,Sales,2,92195,0.6,4,E00981,0.9364306738003122,
E00845,R011,Sales Development Rep,Sales,1,82026,1.3,3,E00938,0.7206176174074138,
E00846,R011,Sales Development Rep,Sales,2,107443,0.6,4,E00976,0.668263431927808,
E00847,R011,Sales Development Rep,Sales,2,113826,5.6,3,E00942,0.4628275046393656,
E00848,R011,Sales Development Rep,Sales,3,129780,0.1,3,E00957,0.9594267319346841,
E00849,R011,Sales Development Rep,Sales,1,70039,3.4,3,E00956,0.2741332262080288,
E00850,R011,Sales Development Rep,Sales,3,132313,0.4,4,E00942,0.8735807583346687,
E00851,R011,Sales Development Rep,Sales,1,70345,1.3,3,E00978,0.23844423974802553,
E00852,R011,Sales Development Rep,Sales,3,126038,6.2,3,E00975,0.22995292847447013,
E00853,R011,Sales Development Rep,Sales,2,99832,14.7,2,E00944,0.2259138242576273,
E00854,R011,Sales Development Rep,Sales,2,94362,8.1,4,E00957,0.8970185622480188,
E00855,R011,Sales Development Rep,Sales,1,85642,1.5,3,E00978,0.7331616659908317,
E00856,R011,Sales Development Rep,Sales,1,70749,0.3,3,E00975,0.25571674342605866,
E00857,R011,Sales Development Rep,Sales,2,109653,4.8,2,E00968,0.16088103668473364,
E00858,R011,Sales Development Rep,Sales,1,79339,1.0,2,E00966,0.7024735140582007,
E00859,R011,Sales Development Rep,Sales,1,72959,0.4,3,E00984,0.14230666585352214,
E00860,R011,Sales Development Rep,Sales,1,73580,0.8,3,E00968,0.9175776686981675,
E00861,R011,Sales Development Rep,Sales,2,92260,0.2,3,E00954,0.1241228474932653,
E00862,R011,Sales Development Rep,Sales,2,94581,6.3,3,E00960,0.668764216094091,
E00863,R011,Sales Development Rep,Sales,1,73772,6.0,4,E00957,0.21378862567690893,
E00864,R011,Sales Development Rep,Sales,1,79618,1.8,3,E00943,0.6438662323795857,
E00865,R011,Sales Development Rep,Sales,2,111883,1.8,1,E00938,0.9165421562475481,
E00866,R011,Sales Development Rep,Sales,2,99017,1.7,3,E00986,0.8355902572879748,
E00867,R011,Sales Development Rep,Sales,2,96036,3.4,2,E00964,0.6148901150529632,
E00868,R011,Sales Development Rep,Sales,1,74203,0.3,2,E00990,0.49486448137763495,
E00869,R011,Sales Development Rep,Sales,1,70834,0.0,4,E00978,0.4282088835942198,
E00870,R011,Sales Development Rep,Sales,2,106053,8.9,3,E00976,0.7036547986706372,
E00871,R011,Sales Development Rep,Sales,1,70617,2.0,3,E00963,0.7625894854151152,
E00872,R011,Sales Development Rep,Sales,2,94547,3.2,3,E00962,0.653087708483146,
E00873,R011,Sales Development Rep,Sales,2,95469,5.2,3,E00964,0.47660975981155096,
E00874,R011,Sales Development Rep,Sales,1,87069,5.9,3,E00978,0.7395756778014115,
E00875,R011,Sales Development Rep,Sales,1,83247,0.6,4,E00986,0.34738862802565396,
E00876,R011,Sales Development Rep,Sales,1,87111,3.1,3,E00951,0.2593345908878636,
E00877,R011,Sales Development Rep,Sales,1,87015,2.5,2,E00977,0.04897147587074324,
E00878,R011,Sales Development Rep,Sales,1,70316,5.8,4,E00982,0.19672304001456598,
E00879,R011,Sales Development Rep,Sales,2,92798,3.1,3,E00952,0.9706183527531187,
E00880,R011,Sales Development Rep,Sales,2,110207,7.3,2,E00963,0.6332001751962525,
E00881,R011,Sales Development Rep,Sales,3,143744,0.2,3,E00987,0.3751103524092816,
E00882,R011,Sales Development Rep,Sales,1,71090,0.1,4,E00965,0.9554451968025893,
E00883,R011,Sales Development Rep,Sales,1,86109,3.1,2,E00975,0.06805227618738563,
E00884,R011,Sales Development Rep,Sales,1,81227,3.7,4,E00938,0.32238104991991645,
E00885,R011,Sales Development Rep,Sales,1,81259,1.0,3,E00951,0.4193552658448447,
E00886,R011,Sales Development Rep,Sales,1,70074,0.4,2,E00939,0.2452729425931326,
E00887,R011,Sales Development Rep,Sales,1,71026,2.9,3,E00946,0.8137976681111888,
E00888,R011,Sales Development Rep,Sales,3,145334,0.8,3,E00946,0.26454751115751085,
E00889,R011,Sales Development Rep,Sales,2,97034,4.7,2,E00972,0.48661307439002166,
E00890,R011,Sales Development Rep,Sales,1,87902,4.7,3,E00942,0.9696877830877081,
E00891,R011,Sales Development Rep,Sales,1,70239,0.1,4,E00963,0.4913589776181212,
E00892,R011,Sales Development Rep,Sales,1,77036,3.0,3,E00936,0.23698252206693238,
E00893,R011,Sales Development Rep,Sales,3,115933,2.9,3,E00968,0.5956938951441412,
E00894,R011,Sales Development Rep,Sales,1,84968,4.8,3,E00970,0.85783833244989,
E00895,R011,Sales Development Rep,Sales,2,110551,1.7,4,E00942,0.3555893051538126,
E00896,R011,Sales Development Rep,Sales,2,95327,0.5,2,E00943,0.0755311058145477,
E00897,R011,Sales Development Rep,Sales,3,117721,0.6,2,E00977,0.4210415669864376,
E00898,R011,Sales Development Rep,Sales,1,77419,1.6,3,E00982,0.8040714324532867,
E00899,R011,Sales Development Rep,Sales,3,140929,0.4,4,E00983,0.15408158024461338,
E00900,R011,Sales Development Rep,Sales,1,89087,2.1,3,E00969,0.30336071317179336,
E00901,R011,Sales Development Rep,Sales,1,80092,1.2,2,E00958,0.1971838201926709,
E00902,R011,Sales Development Rep,Sales,1,86299,1.5,3,E00975,0.9028889370621107,
E00903,R011,Sales Development Rep,Sales,2,91085,2.7,3,E00952,0.8370772491725359,
E00904,R011,Sales Development Rep,Sales,2,102194,4.0,2,E00966,0.13736598071487105,
E00905,R011,Sales Development Rep,Sales,1,89374,1.6,4,E00989,0.12635156821607152,
E00906,R011,Sales Development Rep,Sales,2,111582,0.4,4,E00947,0.2303919844112795,
E00907,R011,Sales Development Rep,Sales,2,95609,11.0,3,E00989,0.7637483554718366,
E00908,R011,Sales Development Rep,Sales,2,108818,0.5,4,E00975,0.08700722080037948,
E00909,R011,Sales Development Rep,Sales,1,76893,1.1,3,E00941,0.5652315929513534,
E00910,R011,Sales Development Rep,Sales,2,109293,0.5,2,E00982,0.7042719654512961,
E00911,R011,Sales Development Rep,Sales,3,133745,2.1,2,E00965,0.9180313443637268,
E00912,R011,Sales Development Rep,Sales,2,104611,1.6,3,E00983,0.967960577818023,
E00913,R011,Sales Development Rep,Sales,3,128630,4.4,4,E00959,0.4335891699630281,
E00914,R011,Sales Development Rep,Sales,1,70064,1.9,3,E00952,0.8537308958488723,
E00915,R011,Sales Development Rep,Sales,2,97844,0.4,3,E00950,0.9872089205388311,
E00916,R011,Sales Development Rep,Sales,2,107197,5.7,3,E00977,0.9923967091477406,
E00917,R011,Sales Development Rep,Sales,3,148470,3.9,3,E00964,0.8452299869064213,
E00918,R011,Sales Development Rep,Sales,3,123239,8.4,4,E00949,0.6156253284073344,
E00919,R011,Sales Development Rep,Sales,1,72990,1.3,3,E00972,0.10338021461786284,
E00920,R011,Sales Development Rep,Sales,1,87647,1.8,3,E00940,0.5522439586920777,
E00921,R011,Sales Development Rep,Sales,2,114189,0.6,2,E00955,0.010338682237916452,
E00922,R011,Sales Development Rep,Sales,1,84699,1.7,3,E00956,0.7972760783746122,
E00923,R011,Sales Development Rep,Sales,1,70957,4.0,3,E00952,0.18906596030502343,
E00924,R011,Sales Development Rep,Sales,1,82929,1.6,3,E00965,0.4758900677683743,
E00925,R011,Sales Development Rep,Sales,1,81676,5.9,3,E00983,0.13132420190100658,
E00926,R011,Sales Development Rep,Sales,1,72742,0.5,4,E00945,0.8055362910701541,
E00927,R011,Sales Development Rep,Sales,1,76084,0.9,3,E00971,0.4452680145723714,
E00928,R011,Sales Development Rep,Sales,2,108797,2.9,3,E00944,0.3818362324528439,
E00929,R011,Sales Development Rep,Sales,1,75776,4.4,3,E00952,0.05189035388573304,
E00930,R011,Sales Development Rep,Sales,1,80918,4.3,3,E00989,0.6981614432297977,
E00931,R011,Sales Development Rep,Sales,2,113205,1.9,3,E00943,0.02993741620643431,
E00932,R011,Sales Development Rep,Sales,1,89980,2.4,3,E00935,0.2985089156637455,
E00933,R011,Sales Development Rep,Sales,2,105504,1.4,3,E00956,0.8232286783518629,
E00934,R011,Sales Development Rep,Sales,3,136422,0.0,3,E00973,0.4625410197222556,
E00935,R012,Sales Manager,Sales,4,168305,7.1,4,E00999,0.2925364412805427,
E00936,R012,Sales Manager,Sales,4,157226,0.1,3,E00997,0.8539970270878181,
E00937,R012,Sales Manager,Sales,4,159336,0.4,3,E00998,0.22611642209805238,
E00938,R012,Sales Manager,Sales,4,161249,7.9,2,E00995,0.9845081404401933,
E00939,R012,Sales Manager,Sales,4,158872,11.2,3,E00992,0.29039942938334884,
E00940,R012,Sales Manager,Sales,4,185608,2.2,2,E00995,0.2317712063052192,
E00941,R012,Sales Manager,Sales,4,180064,0.4,3,E00996,0.8958835412233879,
E00942,R012,Sales Manager,Sales,4,154441,1.8,3,E00993,0.018399599625687713,
E00943,R012,Sales Manager,Sales,4,174181,6.6,3,E00991,0.8803187262803853,
E00944,R012,Sales Manager,Sales,4,158038,1.0,2,E00996,0.55884405230367,
E00945,R012,Sales Manager,Sales,4,176438,2.6,3,E00999,0.8047395219509824,
E00946,R012,Sales Manager,Sales,4,162131,0.1,4,E00997,0.4216548185488047,
E00947,R012,Sales Manager,Sales,4,174182,5.5,3,E00999,0.25324759799147145,
E00948,R012,Sales Manager,Sales,4,177443,2.2,3,E00999,0.4433173712826227,
E00949,R012,Sales Manager,Sales,4,163886,0.5,3,E00992,0.1913969544964641,
E00950,R012,Sales Manager,Sales,4,151177,0.1,3,E00997,0.036331669970861014,
E00951,R012,Sales Manager,Sales,4,173028,0.2,3,E00994,0.3400909457865664,
E00952,R012,Sales Manager,Sales,4,179322,0.9,4,E00997,0.63599688657256,
E00953,R012,Sales Manager,Sales,4,177156,3.8,3,E00993,0.23431513578659557,
E00954,R012,Sales Manager,Sales,4,150535,1.4,4,E00991,0.10725682354831179,
E00955,R012,Sales Manager,Sales,4,188126,3.5,3,E00992,0.7302229373895464,
E00956,R012,Sales Manager,Sales,4,183647,2.2,4,E00991,0.014992323343158254,
E00957,R012,Sales Manager,Sales,4,167057,0.0,4,E00997,0.8613790288249564,
E00958,R012,Sales Manager,Sales,4,183112,13.3,3,E00998,0.012558115108975199,
E00959,R012,Sales Manager,Sales,4,176211,1.8,3,E00994,0.23466417981663057,
E00960,R012,Sales Manager,Sales,4,169926,2.0,3,E00994,0.44234959924822936,
E00961,R012,Sales Manager,Sales,4,187643,3.4,3,E00991,0.25626788825886027,
E00962,R012,Sales Manager,Sales,4,168981,4.6,2,E00998,0.5246305464916122,
E00963,R012,Sales Manager,Sales,4,179657,5.4,3,E00992,0.7714204292013512,
E00964,R012,Sales Manager,Sales,4,168941,2.0,3,E00992,0.4943215945772792,
E00965,R012,Sales Manager,Sales,4,164877,2.2,2,E00996,0.4686118183201271,
E00966,R012,Sales Manager,Sales,4,152497,15.0,3,E00991,0.6136357542200774,
E00967,R012,Sales Manager,Sales,4,189938,0.4,3,E00997,0.32747956229166286,
E00968,R012,Sales Manager,Sales,4,171249,2.5,3,E00993,0.41256950276750515,
E00969,R012,Sales Manager,Sales,4,176259,1.4,2,E00991,0.40504832147681546,
E00970,R012,Sales Manager,Sales,4,189844,0.7,3,E00999,0.2657509211322995,
E00971,R012,Sales Manager,Sales,4,173483,1.0,3,E00995,0.5345664264034543,
E00972,R012,Sales Manager,Sales,4,185842,2.1,3,E00993,0.9910571928459545,
E00973,R012,Sales Manager,Sales,4,154817,1.7,3,E00996,0.6207604748940199,
E00974,R012,Sales Manager,Sales,4,164932,0.7,3,E00994,0.0955988365254502,
E00975,R012,Sales Manager,Sales,4,157177,2.5,3,E00996,0.2536839723311737,
E00976,R012,Sales Manager,Sales,4,156828,1.5,3,E00998,0.4965464524341364,
E00977,R012,Sales Manager,Sales,4,167371,4.5,3,E00996,0.11339802005110422,
E00978,R012,Sales Manager,Sales,4,169600,2.1,2,E00996,0.6426284522644705,
E00979,R012,Sales Manager,Sales,4,164831,3.0,3,E00998,0.6897203713266996,
E00980,R012,Sales Manager,Sales,4,176951,0.2,3,E00998,0.6207801498093627,
E00981,R012,Sales Manager,Sales,4,189421,1.3,3,E00994,0.5492221036388123,
E00982,R012,Sales Manager,Sales,4,166203,1.4,3,E00996,0.26256327266660096,
E00983,R012,Sales Manager,Sales,4,184392,7.3,3,E00998,0.36917157991663785,
E00984,R012,Sales Manager,Sales,4,181813,2.2,3,E00995,0.25438732912951567,
E00985,R012,Sales Manager,Sales,4,160944,2.0,3,E00994,0.4885786053713238,
E00986,R012,Sales Manager,Sales,4,154899,1.2,3,E00996,0.8695864633624627,
E00987,R012,Sales Manager,Sales,4,170440,1.9,2,E00991,0.3518002389978182,
E00988,R012,Sales Manager,Sales,4,153162,4.1,3,E00999,0.7116949881903489,
E00989,R012,Sales Manager,Sales,4,168838,1.3,3,E00996,0.4218923516656683,
E00990,R012,Sales Manager,Sales,4,153443,0.9,3,E00991,0.46603948199906853,
E00991,R013,Sales Director,Sales,5,208912,13.3,3,E01000,0.9302362597691897,
E00992,R013,Sales Director,Sales,5,193426,8.8,3,E01000,0.2735368729910217,
E00993,R013,Sales Director,Sales,5,193933,0.7,3,E01000,0.8848106449888715,
E00994,R013,Sales Director,Sales,5,190123,0.3,3,E01000,0.09814217428287253,
E00995,R013,Sales Director,Sales,5,207075,0.8,3,E01000,0.7464201845336803,
E00996,R013,Sales Director,Sales,5,228352,1.7,3,E01000,0.36243145901612783,
E00997,R013,Sales Director,Sales,5,219520,9.6,3,E01000,0.8689464842354558,
E00998,R013,Sales Director,Sales,5,210448,2.9,3,E01000,0.09257893305922305,
E00999,R013,Sales Director,Sales,5,220706,2.5,3,E01000,0.8111065264381406,
E01000,R014,Sales VP,Sales,6,292447,4.1,3,E02003,0.8299780773856998,
E01001,R015,Enterprise CSM,Customer Success,1,78931,1.5,3,E01265,0.9775596914915283,
E01002,R015,Enterprise CSM,Customer Success,1,72453,0.1,3,E01274,0.729689413072246,
E01003,R015,Enterprise CSM,Customer Success,3,146333,0.2,3,E01277,0.19039528826519192,
E01004,R015,Enterprise CSM,Customer Success,2,99590,0.2,3,E01292,0.6946234794847165,
E01005,R015,Enterprise CSM,Customer Success,2,96700,2.6,3,E01266,0.3113098685797173,
E01006,R015,Enterprise CSM,Customer Success,1,81240,2.4,4,E01269,0.9850146320544556,
E01007,R015,Enterprise CSM,Customer Success,1,87538,3.4,3,E01271,0.8177478080971342,
E01008,R015,Enterprise CSM,Customer Success,2,96717,1.4,3,E01279,0.5647349887572289,
E01009,R015,Enterprise CSM,Customer Success,1,80669,0.2,3,E01274,0.09101628535043427,
E01010,R015,Enterprise CSM,Customer Success,3,116173,3.4,4,E01275,0.3721372695770637,
E01011,R015,Enterprise CSM,Customer Success,3,122964,1.6,3,E01280,0.6016680799407186,
E01012,R015,Enterprise CSM,Customer Success,1,72325,0.0,3,E01286,0.943689271444185,
E01013,R015,Enterprise CSM,Customer Success,3,121189,2.5,2,E01263,0.15305189531966668,
E01014,R015,Enterprise CSM,Customer Success,2,98706,0.8,3,E01282,0.2992947032621901,
E01015,R015,Enterprise CSM,Customer Success,2,90823,0.0,4,E01279,0.7480619272343136,
E01016,R015,Enterprise CSM,Customer Success,3,128919,1.7,3,E01276,0.9829107914973684,
E01017,R015,Enterprise CSM,Customer Success,1,85535,1.0,2,E01260,0.9926041007143119,
E01018,R015,Enterprise CSM,Customer Success,3,126378,2.2,3,E01280,0.281349468473451,
E01019,R015,Enterprise CSM,Customer Success,1,76592,0.3,3,E01284,0.7314884247712133,
E01020,R015,Enterprise CSM,Customer Success,1,89055,1.2,4,E01264,0.16221304564966477,
E01021,R015,Enterprise CSM,Customer Success,1,74213,4.6,3,E01260,0.06413942448255638,
E01022,R015,Enterprise CSM,Customer Success,1,80781,5.4,3,E01266,0.6132518035501333,
E01023,R015,Enterprise CSM,Customer Success,3,137432,1.6,3,E01254,0.4005110227371427,
E01024,R015,Enterprise CSM,Customer Success,1,76566,0.0,4,E01285,0.590715510658895,
E01025,R015,Enterprise CSM,Customer Success,1,71010,4.8,3,E01252,0.35012073000787536,
E01026,R015,Enterprise CSM,Customer Success,1,89608,9.8,3,E01261,0.008139890607395173,
E01027,R015,Enterprise CSM,Customer Success,1,87061,1.2,3,E01276,0.20150591486172365,
E01028,R015,Enterprise CSM,Customer Success,3,120053,1.7,3,E01257,0.031684249635217654,
E01029,R015,Enterprise CSM,Customer Success,2,106597,0.6,3,E01264,0.812933609418777,
E01030,R015,Enterprise CSM,Customer Success,1,82920,3.6,3,E01255,0.08388538496336129,
E01031,R015,Enterprise CSM,Customer Success,1,78680,0.8,3,E01275,0.15514654821458773,
E01032,R015,Enterprise CSM,Customer Success,1,76279,3.1,3,E01257,0.06425210033651396,
E01033,R015,Enterprise CSM,Customer Success,1,70383,1.4,2,E01264,0.8163966171417193,
E01034,R015,Enterprise CSM,Customer Success,1,86782,12.7,4,E01255,0.6037418177209184,
E01035,R015,Enterprise CSM,Customer Success,3,145504,1.9,3,E01269,0.19041633109737544,
E01036,R015,Enterprise CSM,Customer Success,1,77932,3.9,4,E01277,0.2061829254869616,
E01037,R015,Enterprise CSM,Customer Success,2,109431,1.4,3,E01287,0.19615384892058207,
E01038,R015,Enterprise CSM,Customer Success,1,83713,1.1,4,E01279,0.1553115255301457,
E01039,R015,Enterprise CSM,Customer Success,1,83291,9.8,2,E01289,0.4317756219261032,
E01040,R015,Enterprise CSM,Customer Success,2,91676,2.4,3,E01261,0.9260778882892506,
E01041,R015,Enterprise CSM,Customer Success,2,99184,2.9,3,E01252,0.9499428047445198,
E01042,R015,Enterprise CSM,Customer Success,1,87699,1.5,2,E01266,0.9677406683608067,
E01043,R015,Enterprise CSM,Customer Success,2,111393,2.3,3,E01290,0.10359105727876794,
E01044,R015,Enterprise CSM,Customer Success,2,108560,4.9,3,E01274,0.7722280503954414,
E01045,R015,Enterprise CSM,Customer Success,2,111051,6.9,2,E01272,0.3485651559777053,
E01046,R015,Enterprise CSM,Customer Success,1,76659,8.9,3,E01268,0.5344474701875173,
E01047,R015,Enterprise CSM,Customer Success,1,75455,2.2,3,E01282,0.3055294911721399,
E01048,R015,Enterprise CSM,Customer Success,3,131863,0.7,2,E01263,0.6907883931428536,
E01049,R015,Enterprise CSM,Customer Success,3,129676,1.8,3,E01290,0.3272204241805373,
E01050,R015,Enterprise CSM,Customer Success,1,77242,6.6,4,E01287,0.8771864023921989,
E01051,R015,Enterprise CSM,Customer Success,2,94721,1.2,2,E01258,0.21260876771181392,
E01052,R015,Enterprise CSM,Customer Success,3,118153,2.1,3,E01262,0.3712010027020437,
E01053,R015,Enterprise CSM,Customer Success,1,79184,1.4,3,E01267,0.7495161193266036,
E01054,R015,Enterprise CSM,Customer Success,3,123159,4.4,3,E01280,0.11793574697230491,
E01055,R015,Enterprise CSM,Customer Success,3,126889,1.2,4,E01288,0.059484279660645956,
E01056,R015,Enterprise CSM,Customer Success,2,96903,3.7,2,E01278,0.10429216486639625,
E01057,R015,Enterprise CSM,Customer Success,2,114724,0.9,3,E01272,0.689314371591115,
E01058,R015,Enterprise CSM,Customer Success,1,83744,0.7,3,E01267,0.9617774669638257,
E01059,R015,Enterprise CSM,Customer Success,1,86489,0.4,3,E01288,0.4638028863785041,
E01060,R015,Enterprise CSM,Customer Success,3,127247,2.4,3,E01254,0.43188961157922523,
E01061,R015,Enterprise CSM,Customer Success,1,84623,1.9,4,E01286,0.09105735584887065,
E01062,R015,Enterprise CSM,Customer Success,2,106870,13.9,3,E01253,0.10060437299086167,
E01063,R015,Enterprise CSM,Customer Success,1,83632,6.8,3,E01292,0.20512388459265796,
E01064,R015,Enterprise CSM,Customer Success,2,103028,0.4,3,E01259,0.5103965868739297,
E01065,R015,Enterprise CSM,Customer Success,3,121039,4.7,3,E01278,0.30146978895812304,
E01066,R015,Enterprise CSM,Customer Success,1,77201,1.0,3,E01251,0.34266229763607936,
E01067,R015,Enterprise CSM,Customer Success,1,72583,8.2,2,E01253,0.5976952329188442,
E01068,R015,Enterprise CSM,Customer Success,2,114677,2.8,3,E01287,0.8901316776016268,
E01069,R015,Enterprise CSM,Customer Success,3,119923,4.5,4,E01288,0.09442586029531863,
E01070,R015,Enterprise CSM,Customer Success,1,71891,14.4,4,E01260,0.1278842700403795,
E01071,R015,Enterprise CSM,Customer Success,2,101160,1.8,3,E01258,0.1916663971582495,
E01072,R015,Enterprise CSM,Customer Success,1,77811,3.2,3,E01260,0.8213076476241168,
E01073,R015,Enterprise CSM,Customer Success,1,71882,2.5,3,E01257,0.4062645695051308,
E01074,R015,Enterprise CSM,Customer Success,1,80518,9.0,4,E01251,0.8556523703740235,
E01075,R015,Enterprise CSM,Customer Success,1,76970,6.2,2,E01266,0.4976639249427367,
E01076,R015,Enterprise CSM,Customer Success,1,82913,0.0,3,E01262,0.16557465818637984,
E01077,R015,Enterprise CSM,Customer Success,1,77666,0.4,2,E01259,0.6487439283835127,
E01078,R015,Enterprise CSM,Customer Success,1,89688,6.3,3,E01264,0.18230437896938834,
E01079,R015,Enterprise CSM,Customer Success,3,147933,3.7,3,E01256,0.8188260558359559,
E01080,R015,Enterprise CSM,Customer Success,3,123531,3.1,4,E01259,0.18220480380562043,
E01081,R015,Enterprise CSM,Customer Success,1,79912,4.4,3,E01277,0.2125048455688936,
E01082,R015,Enterprise CSM,Customer Success,1,88646,0.9,3,E01281,0.8450345858673427,
E01083,R015,Enterprise CSM,Customer Success,2,112390,3.5,3,E01289,0.8149158595678581,
E01084,R015,Enterprise CSM,Customer Success,1,84927,2.2,2,E01263,0.615178562562405,
E01085,R015,Enterprise CSM,Customer Success,2,103735,11.8,4,E01262,0.4643067916018876,
E01086,R015,Enterprise CSM,Customer Success,1,88335,0.6,3,E01266,0.6828270089134632,
E01087,R015,Enterprise CSM,Customer Success,1,83160,1.5,3,E01266,0.23907606792444513,
E01088,R015,Enterprise CSM,Customer Success,1,88814,5.9,2,E01258,0.034965470504138785,
E01089,R015,Enterprise CSM,Customer Success,1,80003,2.3,3,E01277,0.3546562135794995,
E01090,R015,Enterprise CSM,Customer Success,2,98209,2.9,3,E01260,0.6230452433601764,
E01091,R015,Enterprise CSM,Customer Success,2,94288,0.5,3,E01263,0.18981989906017582,
E01092,R015,Enterprise CSM,Customer Success,3,149086,0.0,3,E01277,0.7261738869271647,
E01093,R015,Enterprise CSM,Customer Success,1,74028,2.7,2,E01271,0.8655911586931093,
E01094,R015,Enterprise CSM,Customer Success,3,138816,2.3,3,E01261,0.3847674618227558,
E01095,R015,Enterprise CSM,Customer Success,1,84929,1.9,2,E01289,0.3413222006840987,
E01096,R015,Enterprise CSM,Customer Success,3,148836,3.1,3,E01254,0.12400478783775726,
E01097,R015,Enterprise CSM,Customer Success,1,87830,1.8,3,E01255,0.8061304143352295,
E01098,R015,Enterprise CSM,Customer Success,2,110610,0.2,2,E01267,0.38215077114540197,
E01099,R015,Enterprise CSM,Customer Success,2,103857,3.3,2,E01273,0.9647433956554545,
E01100,R015,Enterprise CSM,Customer Success,3,127429,1.5,3,E01279,0.47583658143979224,
E01101,R015,Enterprise CSM,Customer Success,1,84985,1.0,2,E01259,0.5698803958333307,
E01102,R015,Enterprise CSM,Customer Success,3,149071,0.5,3,E01280,0.32337786378906563,
E01103,R015,Enterprise CSM,Customer Success,1,70684,2.2,3,E01283,0.5206857332265478,
E01104,R015,Enterprise CSM,Customer Success,1,82652,0.1,2,E01253,0.7329730218040311,
E01105,R015,Enterprise CSM,Customer Success,2,95537,6.0,3,E01259,0.26287717815154854,
E01106,R015,Enterprise CSM,Customer Success,1,79914,3.8,3,E01285,0.6229020044623007,
E01107,R015,Enterprise CSM,Customer Success,2,96080,1.6,2,E01285,0.9864019597134926,
E01108,R015,Enterprise CSM,Customer Success,1,75461,6.9,3,E01288,0.37574315086054555,
E01109,R015,Enterprise CSM,Customer Success,1,78677,1.2,3,E01267,0.18097992011974573,
E01110,R015,Enterprise CSM,Customer Success,1,77418,5.0,4,E01260,0.9188517534015563,
E01111,R015,Enterprise CSM,Customer Success,1,74578,0.7,3,E01290,0.07750897867040774,
E01112,R015,Enterprise CSM,Customer Success,2,98518,0.2,3,E01276,0.9719084599961106,
E01113,R015,Enterprise CSM,Customer Success,2,97911,1.0,2,E01266,0.9507261475409928,
E01114,R015,Enterprise CSM,Customer Success,1,83890,4.5,3,E01273,0.3483284496894279,
E01115,R015,Enterprise CSM,Customer Success,1,73432,5.6,4,E01271,0.49974723463044723,
E01116,R015,Enterprise CSM,Customer Success,1,77070,0.9,3,E01260,0.14672425404669742,
E01117,R015,Enterprise CSM,Customer Success,1,81602,0.4,3,E01255,0.5897233028948404,
E01118,R015,Enterprise CSM,Customer Success,1,76898,2.3,3,E01292,0.027237145371969418,
E01119,R016,Technical Support Engineer,Customer Success,1,82400,0.6,3,E01262,0.8407958593171483,335.0
E01120,R016,Technical Support Engineer,Customer Success,1,78157,1.8,3,E01290,0.10866724196582411,226.0
E01121,R016,Technical Support Engineer,Customer Success,2,114518,9.8,2,E01268,0.9201959610063212,23.0
E01122,R016,Technical Support Engineer,Customer Success,1,89349,0.4,3,E01269,0.2240107704273374,263.0
E01123,R016,Technical Support Engineer,Customer Success,2,94770,3.9,2,E01288,0.36131191194463874,72.0
E01124,R016,Technical Support Engineer,Customer Success,1,87174,0.8,3,E01276,0.02760435204706202,241.0
E01125,R016,Technical Support Engineer,Customer Success,1,71803,7.0,3,E01275,0.377486421559207,223.0
E01126,R016,Technical Support Engineer,Customer Success,1,73180,3.6,2,E01254,0.06439568097566917,33.0
E01127,R016,Technical Support Engineer,Customer Success,1,86708,0.2,3,E01285,0.9271323399377788,163.0
E01128,R016,Technical Support Engineer,Customer Success,3,129690,1.3,3,E01265,0.8179087308410816,184.0
E01129,R016,Technical Support Engineer,Customer Success,1,77206,2.0,3,E01286,0.9771070345167548,222.0
E01130,R016,Technical Support Engineer,Customer Success,3,141813,0.9,4,E01284,0.44900006656620495,383.0
E01131,R016,Technical Support Engineer,Customer Success,1,89414,6.3,2,E01254,0.6273194619977669,87.0
E01132,R016,Technical Support Engineer,Customer Success,2,114412,2.8,3,E01277,0.5128204777820877,349.0
E01133,R016,Technical Support Engineer,Customer Success,1,88068,4.0,3,E01264,0.9751984406329668,144.0
E01134,R016,Technical Support Engineer,Customer Success,2,102254,1.1,3,E01275,0.5519751366289569,160.0
E01135,R016,Technical Support Engineer,Customer Success,2,96486,3.6,4,E01285,0.7983719238853939,406.0
E01136,R016,Technical Support Engineer,Customer Success,1,78689,2.9,4,E01285,0.3176880125864844,419.0
E01137,R016,Technical Support Engineer,Customer Success,2,96416,0.7,3,E01282,0.7340619146761855,159.0
E01138,R016,Technical Support Engineer,Customer Success,1,76096,2.7,3,E01258,0.7404110298115749,203.0
E01139,R016,Technical Support Engineer,Customer Success,2,96490,4.0,3,E01274,0.42123801535497285,299.0
E01140,R016,Technical Support Engineer,Customer Success,2,104319,8.9,4,E01271,0.22015172946222294,426.0
E01141,R016,Technical Support Engineer,Customer Success,3,131690,15.0,4,E01267,0.1498312205226069,447.0
E01142,R016,Technical Support Engineer,Customer Success,2,110674,4.1,3,E01275,0.8082153325526577,284.0
E01143,R016,Technical Support Engineer,Customer Success,1,88211,4.8,3,E01271,0.9464073548670571,245.0
E01144,R016,Technical Support Engineer,Customer Success,3,129258,4.1,4,E01283,0.20266673277638247,448.0
E01145,R016,Technical Support Engineer,Customer Success,3,120803,0.1,3,E01251,0.5451144394573518,298.0
E01146,R016,Technical Support Engineer,Customer Success,2,108879,4.3,4,E01289,0.6339681210339104,412.0
E01147,R016,Technical Support Engineer,Customer Success,3,132348,0.4,3,E01256,0.11659267456471167,95.0
E01148,R016,Technical Support Engineer,Customer Success,1,87192,3.4,2,E01270,0.8768872787090422,81.0
E01149,R016,Technical Support Engineer,Customer Success,1,76670,5.3,3,E01265,0.19687311670520424,236.0
E01150,R016,Technical Support Engineer,Customer Success,2,97326,8.8,1,E01265,0.6619893266879737,3.0
E01151,R016,Technical Support Engineer,Customer Success,3,146048,5.4,2,E01256,0.5343092276778836,32.0
E01152,R016,Technical Support Engineer,Customer Success,2,93285,0.3,3,E01274,0.7077179237970717,230.0
E01153,R016,Technical Support Engineer,Customer Success,2,113455,12.6,4,E01260,0.5848004630207507,397.0
E01154,R016,Technical Support Engineer,Customer Success,1,71623,7.6,3,E01275,0.15815048547261645,218.0
E01155,R016,Technical Support Engineer,Customer Success,2,101412,8.7,4,E01284,0.05737499502567944,443.0
E01156,R016,Technical Support Engineer,Customer Success,1,86516,0.0,3,E01251,0.6780660051661868,269.0
E01157,R016,Technical Support Engineer,Customer Success,2,98429,6.8,2,E01283,0.9035700654585139,8.0
E01158,R016,Technical Support Engineer,Customer Success,2,104009,6.7,3,E01287,0.4847100909200165,183.0
E01159,R016,Technical Support Engineer,Customer Success,3,121065,0.1,3,E01281,0.901290656320902,145.0
E01160,R016,Technical Support Engineer,Customer Success,1,73524,5.9,3,E01284,0.9995543174674251,321.0
E01161,R016,Technical Support Engineer,Customer Success,1,86321,3.5,3,E01274,0.5559060524995111,358.0
E01162,R016,Technical Support Engineer,Customer Success,2,92143,1.1,3,E01265,0.32124716345321613,170.0
E01163,R016,Technical Support Engineer,Customer Success,1,73338,1.2,3,E01289,0.20390037289233842,179.0
E01164,R016,Technical Support Engineer,Customer Success,1,71837,1.4,3,E01277,0.5804113543058176,356.0
E01165,R016,Technical Support Engineer,Customer Success,1,82018,1.4,3,E01260,0.9122364451973155,312.0
E01166,R016,Technical Support Engineer,Customer Success,2,90536,4.8,4,E01279,0.03714098024550261,422.0
E01167,R016,Technical Support Engineer,Customer Success,2,103880,3.7,3,E01277,0.5098940563690418,180.0
E01168,R016,Technical Support Engineer,Customer Success,2,109762,1.8,4,E01286,0.9873059224868488,405.0
E01169,R016,Technical Support Engineer,Customer Success,1,83671,0.1,3,E01268,0.7911459571907619,139.0
E01170,R016,Technical Support Engineer,Customer Success,3,144178,0.3,4,E01260,0.7213410299015225,461.0
E01171,R016,Technical Support Engineer,Customer Success,1,86496,3.9,4,E01290,0.2830323716266254,400.0
E01172,R016,Technical Support Engineer,Customer Success,1,76647,2.3,2,E01289,0.04008285032753045,59.0
E01173,R016,Technical Support Engineer,Customer Success,3,139360,2.8,3,E01265,0.7737089467874083,274.0
E01174,R016,Technical Support Engineer,Customer Success,1,89327,3.5,3,E01257,0.8287788691954766,217.0
E01175,R016,Technical Support Engineer,Customer Success,1,78600,6.2,3,E01261,0.1286261070223076,242.0
E01176,R016,Technical Support Engineer,Customer Success,1,88619,3.4,3,E01260,0.1174429303659199,233.0
E01177,R016,Technical Support Engineer,Customer Success,1,79058,2.8,4,E01283,0.17070604471250583,441.0
E01178,R016,Technical Support Engineer,Customer Success,3,129028,5.0,3,E01276,0.5635015615810068,328.0
E01179,R016,Technical Support Engineer,Customer Success,1,79050,1.0,3,E01285,0.5574874775520086,351.0
E01180,R016,Technical Support Engineer,Customer Success,2,95195,12.3,4,E01253,0.38268266658933325,458.0
E01181,R016,Technical Support Engineer,Customer Success,1,78060,11.9,4,E01281,0.9748631934320116,442.0
E01182,R016,Technical Support Engineer,Customer Success,2,97984,10.2,2,E01266,0.7424751412048026,34.0
E01183,R016,Technical Support Engineer,Customer Success,2,98130,0.3,2,E01283,0.5241591823616669,13.0
E01184,R016,Technical Support Engineer,Customer Success,2,99340,0.2,4,E01276,0.18392528015689935,460.0
E01185,R016,Technical Support Engineer,Customer Success,1,85999,0.2,3,E01259,0.07268769393684349,193.0
E01186,R016,Technical Support Engineer,Customer Success,2,104548,2.3,3,E01283,0.4850726640153348,158.0
E01187,R016,Technical Support Engineer,Customer Success,1,76463,1.3,3,E01276,0.9020827618539544,345.0
E01188,R016,Technical Support Engineer,Customer Success,2,91523,5.0,2,E01287,0.7027727212995521,35.0
E01189,R016,Technical Support Engineer,Customer Success,3,137378,2.1,2,E01273,0.9148929999553739,31.0
E01190,R016,Technical Support Engineer,Customer Success,1,89047,0.5,3,E01289,0.27096447464417883,225.0
E01191,R016,Technical Support Engineer,Customer Success,3,133929,0.4,3,E01289,0.38513643173598355,302.0
E01192,R016,Technical Support Engineer,Customer Success,3,127502,1.6,2,E01285,0.4782723982091108,57.0
E01193,R016,Technical Support Engineer,Customer Success,3,137263,11.4,3,E01267,0.22497940699616192,156.0
E01194,R016,Technical Support Engineer,Customer Success,1,79783,0.2,3,E01288,0.6250851626273977,208.0
E01195,R016,Technical Support Engineer,Customer Success,3,126292,0.4,3,E01261,0.146540791711115,283.0
E01196,R016,Technical Support Engineer,Customer Success,2,107765,1.0,3,E01291,0.5335456411313182,154.0
E01197,R016,Technical Support Engineer,Customer Success,2,92411,6.2,3,E01263,0.4785974711465517,122.0
E01198,R016,Technical Support Engineer,Customer Success,3,138901,1.0,3,E01264,0.31616543117640905,258.0
E01199,R016,Technical Support Engineer,Customer Success,1,71512,4.4,4,E01272,0.055126413134718666,453.0
E01200,R016,Technical Support Engineer,Customer Success,3,123063,2.4,4,E01258,0.3015554603308038,454.0
E01201,R016,Technical Support Engineer,Customer Success,3,116149,0.6,3,E01292,0.3923340035009164,221.0
E01202,R016,Technical Support Engineer,Customer Success,1,86223,0.3,4,E01270,0.2867138970208448,394.0
E01203,R016,Technical Support Engineer,Customer Success,2,93833,3.2,3,E01280,0.358912462630843,204.0
E01204,R016,Technical Support Engineer,Customer Success,1,74267,1.2,2,E01288,0.3395672438991123,40.0
E01205,R016,Technical Support Engineer,Customer Success,1,76141,1.0,3,E01281,0.3947752246972591,309.0
E01206,R016,Technical Support Engineer,Customer Success,2,111844,3.0,3,E01256,0.23221857060604112,291.0
E01207,R016,Technical Support Engineer,Customer Success,2,97157,5.5,4,E01270,0.0895023872901839,436.0
E01208,R016,Technical Support Engineer,Customer Success,1,85499,1.7,3,E01278,0.11744980870567379,289.0
E01209,R016,Technical Support Engineer,Customer Success,1,77834,1.6,4,E01267,0.41558152325649533,457.0
E01210,R016,Technical Support Engineer,Customer Success,3,129042,4.4,4,E01283,0.7126856222692666,396.0
E01211,R016,Technical Support Engineer,Customer Success,3,118074,0.4,4,E01290,0.3589493379519798,377.0
E01212,R016,Technical Support Engineer,Customer Success,2,111123,6.4,2,E01271,0.23717854931445315,24.0
E01213,R016,Technical Support Engineer,Customer Success,1,70944,0.8,1,E01269,0.626546221465718,1.0
E01214,R016,Technical Support Engineer,Customer Success,3,115043,4.9,3,E01279,0.2715056961727774,281.0
E01215,R016,Technical Support Engineer,Customer Success,3,134182,7.0,2,E01256,0.38155906338635626,62.0
E01216,R016,Technical Support Engineer,Customer Success,1,77383,2.7,3,E01275,0.830556874892694,305.0
E01217,R016,Technical Support Engineer,Customer Success,2,111817,5.9,3,E01283,0.43121644338791143,326.0
E01218,R016,Technical Support Engineer,Customer Success,2,103124,0.6,3,E01259,0.31907753926248106,260.0
E01219,R016,Technical Support Engineer,Customer Success,1,84917,0.5,4,E01259,0.29008747726195705,399.0
E01220,R016,Technical Support Engineer,Customer Success,2,98310,1.8,3,E01270,0.5886530853488479,212.0
E01221,R016,Technical Support Engineer,Customer Success,3,127499,0.0,2,E01267,0.9995978853687096,20.0
E01222,R016,Technical Support Engineer,Customer Success,1,81591,1.3,3,E01276,0.5670054323755718,239.0
E01223,R016,Technical Support Engineer,Customer Success,3,145857,2.1,4,E01276,0.8171766816968433,385.0
E01224,R016,Technical Support Engineer,Customer Success,1,74793,1.7,3,E01282,0.01384927483360876,338.0
E01225,R016,Technical Support Engineer,Customer Success,2,107781,4.3,3,E01285,0.9901074632332239,200.0
E01226,R016,Technical Support Engineer,Customer Success,1,70219,0.3,3,E01278,0.49973850052173296,366.0
E01227,R016,Technical Support Engineer,Customer Success,1,72507,0.8,4,E01251,0.8336613957653167,427.0
E01228,R016,Technical Support Engineer,Customer Success,3,143971,5.0,3,E01286,0.9823772179202745,125.0
E01229,R016,Technical Support Engineer,Customer Success,3,139583,0.7,3,E01278,0.5814234801147677,275.0
E01230,R016,Technical Support Engineer,Customer Success,2,97903,5.7,4,E01277,0.8503539096536626,450.0
E01231,R016,Technical Support Engineer,Customer Success,3,143252,0.5,2,E01256,0.07104014050291818,70.0
E01232,R016,Technical Support Engineer,Customer Success,1,84938,4.4,2,E01252,0.8492913468449403,54.0
E01233,R016,Technical Support Engineer,Customer Success,1,78640,1.4,4,E01277,0.13929858580143106,428.0
E01234,R016,Technical Support Engineer,Customer Success,1,83565,3.7,3,E01259,0.039668649005201284,138.0
E01235,R016,Technical Support Engineer,Customer Success,2,106709,3.1,1,E01276,0.3116243495817139,2.0
E01236,R016,Technical Support Engineer,Customer Success,3,124507,1.6,3,E01292,0.47821386146210587,97.0
E01237,R016,Technical Support Engineer,Customer Success,3,140967,10.3,3,E01272,0.6388424871659103,199.0
E01238,R016,Technical Support Engineer,Customer Success,2,91126,1.4,3,E01287,0.18686730057434575,157.0
E01239,R016,Technical Support Engineer,Customer Success,1,79254,0.5,3,E01268,0.6085409200707046,216.0
E01240,R016,Technical Support Engineer,Customer Success,1,83287,7.8,3,E01255,0.035475818456638386,146.0
E01241,R016,Technical Support Engineer,Customer Success,2,97580,6.8,3,E01273,0.9672408125355433,354.0
E01242,R016,Technical Support Engineer,Customer Success,3,121369,5.7,2,E01277,0.9090525284681807,37.0
E01243,R016,Technical Support Engineer,Customer Success,2,106126,3.6,2,E01291,0.4126538281518426,9.0
E01244,R016,Technical Support Engineer,Customer Success,1,75840,1.1,3,E01274,0.3410906127781771,152.0
E01245,R016,Technical Support Engineer,Customer Success,1,73811,1.2,3,E01265,0.4862021765744813,171.0
E01246,R016,Technical Support Engineer,Customer Success,2,106251,12.3,3,E01258,0.955594509472389,120.0
E01247,R016,Technical Support Engineer,Customer Success,3,133305,1.6,2,E01270,0.6679670351691138,49.0
E01248,R016,Technical Support Engineer,Customer Success,2,107669,2.3,4,E01269,0.7877496961450001,415.0
E01249,R016,Technical Support Engineer,Customer Success,1,88204,1.7,3,E01257,0.6634994543078809,262.0
E01250,R016,Technical Support Engineer,Customer Success,1,82923,0.2,2,E01257,0.9965400527390222,22.0
E01251,R017,CS Manager,Customer Success,4,172155,0.1,3,E01295,0.10324622800052385,
E01252,R017,CS Manager,Customer Success,4,158157,1.4,3,E01297,0.8873289778904165,
E01253,R017,CS Manager,Customer Success,4,186398,3.1,3,E01293,0.331186298722959,
E01254,R017,CS Manager,Customer Success,4,174178,0.3,3,E01297,0.0778476888571813,
E01255,R017,CS Manager,Customer Success,4,179867,1.0,3,E01299,0.28856902789542915,
E01256,R017,CS Manager,Customer Success,4,172798,0.8,3,E01296,0.08487346296387466,
E01257,R017,CS Manager,Customer Success,4,169047,3.9,3,E01295,0.77845315297836,
E01258,R017,CS Manager,Customer Success,4,161120,1.2,3,E01294,0.6629972751868334,
E01259,R017,CS Manager,Customer Success,4,173331,0.2,2,E01299,0.4863742628394704,
E01260,R017,CS Manager,Customer Success,4,161269,1.8,3,E01293,0.8213797457760635,
E01261,R017,CS Manager,Customer Success,4,152515,3.1,3,E01293,0.3387300449321281,
E01262,R017,CS Manager,Customer Success,4,189384,2.5,3,E01295,0.5104385390281131,
E01263,R017,CS Manager,Customer Success,4,182536,1.3,3,E01297,0.5623078135965541,
E01264,R017,CS Manager,Customer Success,4,169586,0.9,3,E01299,0.47277988583459973,
E01265,R017,CS Manager,Customer Success,4,184074,1.1,3,E01297,0.176284848469775,
E01266,R017,CS Manager,Customer Success,4,154714,1.8,3,E01295,0.7273020702608394,
E01267,R017,CS Manager,Customer Success,4,182351,0.6,3,E01297,0.22653814929397076,
E01268,R017,CS Manager,Customer Success,4,179825,6.5,3,E01294,0.08039172228056757,
E01269,R017,CS Manager,Customer Success,4,186985,1.5,2,E01298,0.2590980568572743,
E01270,R017,CS Manager,Customer Success,4,171663,1.0,2,E01297,0.38763856258345175,
E01271,R017,CS Manager,Customer Success,4,170020,0.3,3,E01293,0.7065660299591808,
E01272,R017,CS Manager,Customer Success,4,188698,0.6,3,E01297,0.5519462699997025,
E01273,R017,CS Manager,Customer Success,4,181856,1.2,3,E01298,0.9258887478094942,
E01274,R017,CS Manager,Customer Success,4,156194,0.0,3,E01295,0.5360822955768928,
E01275,R017,CS Manager,Customer Success,4,176118,0.6,3,E01293,0.3050864507360317,
E01276,R017,CS Manager,Customer Success,4,161744,3.5,3,E01298,0.8902744909004133,
E01277,R017,CS Manager,Customer Success,4,153490,15.0,4,E01295,0.02965429850602952,
E01278,R017,CS Manager,Customer Success,4,175879,1.9,3,E01293,0.19430991197581982,
E01279,R017,CS Manager,Customer Success,4,157546,2.3,3,E01298,0.7703503485599497,
E01280,R017,CS Manager,Customer Success,4,182781,0.7,3,E01299,0.31144052595422567,
E01281,R017,CS Manager,Customer Success,4,151706,0.1,2,E01296,0.9501130209511133,
E01282,R017,CS Manager,Customer Success,4,179415,1.3,3,E01297,0.08279175479572409,
E01283,R017,CS Manager,Customer Success,4,151067,3.2,3,E01299,0.08637128536944227,
E01284,R017,CS Manager,Customer Success,4,165223,0.9,3,E01299,0.31168805673018507,
E01285,R017,CS Manager,Customer Success,4,169765,1.5,3,E01299,0.7019317310139774,
E01286,R017,CS Manager,Customer Success,4,160200,0.3,3,E01293,0.8537012979682357,
E01287,R017,CS Manager,Customer Success,4,176556,5.6,3,E01295,0.25930038670640265,
E01288,R017,CS Manager,Customer Success,4,167398,0.7,3,E01296,0.359367581634234,
E01289,R017,CS Manager,Customer Success,4,150238,0.9,3,E01294,0.7452564135220949,
E01290,R017,CS Manager,Customer Success,4,152348,1.4,3,E01297,0.6193330608284958,
E01291,R017,CS Manager,Customer Success,4,154379,0.7,3,E01294,0.5566212689169074,
E01292,R017,CS Manager,Customer Success,4,172112,4.3,3,E01295,0.6684768930585469,
E01293,R018,CS Director,Customer Success,5,196499,3.8,3,E01300,0.5521470815824666,
E01294,R018,CS Director,Customer Success,5,225974,0.6,3,E01300,0.09809033995558336,
E01295,R018,CS Director,Customer Success,5,223131,6.6,3,E01300,0.12055467737246772,
E01296,R018,CS Director,Customer Success,5,232825,1.1,2,E01300,0.43623675604057865,
E01297,R018,CS Director,Customer Success,5,201314,4.3,3,E01300,0.020602295377356694,
E01298,R018,CS Director,Customer Success,5,207627,9.6,4,E01300,0.35024123751444125,
E01299,R018,CS Director,Customer Success,5,204964,1.4,2,E01300,0.47567102795571825,
E01300,R019,CS VP,Customer Success,6,275999,8.9,3,E02003,0.9847431056038866,
E01301,R020,Senior Product Manager,Product,3,137820,6.3,3,E01434,0.5825820012773401,
E01302,R020,Senior Product Manager,Product,3,125207,4.6,2,E01438,0.1626055507563331,
E01303,R020,Senior Product Manager,Product,1,73915,7.8,3,E01449,0.49390934526957364,
E01304,R020,Senior Product Manager,Product,1,72505,6.7,4,E01443,0.48854961216417225,
E01305,R020,Senior Product Manager,Product,1,72408,1.9,3,E01451,0.7055394981607949,
E01306,R020,Senior Product Manager,Product,1,84741,4.3,3,E01438,0.7082656218823932,
E01307,R020,Senior Product Manager,Product,2,92884,2.8,4,E01435,0.3228123343634597,
E01308,R020,Senior Product Manager,Product,1,83488,0.0,3,E01439,0.8264403770490788,
E01309,R020,Senior Product Manager,Product,1,83663,2.3,2,E01444,0.49921892553916236,
E01310,R020,Senior Product Manager,Product,3,136583,2.1,3,E01448,0.03764170483326179,
E01311,R020,Senior Product Manager,Product,2,96097,6.9,3,E01452,0.45800719965901426,
E01312,R020,Senior Product Manager,Product,2,105763,0.4,4,E01449,0.154975900388714,
E01313,R020,Senior Product Manager,Product,1,77139,1.2,3,E01448,0.6395325418892797,
E01314,R020,Senior Product Manager,Product,1,85530,9.3,3,E01436,0.7127923469381495,
E01315,R020,Senior Product Manager,Product,3,143262,0.0,2,E01443,0.6441007645063789,
E01316,R020,Senior Product Manager,Product,3,124898,0.9,3,E01451,0.33875996503178984,
E01317,R020,Senior Product Manager,Product,1,82137,3.3,2,E01454,0.23272993467390213,
E01318,R020,Senior Product Manager,Product,1,73936,4.6,1,E01437,0.0847299177066273,
E01319,R020,Senior Product Manager,Product,2,98977,0.7,3,E01443,0.3380229652382464,
E01320,R020,Senior Product Manager,Product,1,80035,5.4,3,E01435,0.5417180756619719,
E01321,R020,Senior Product Manager,Product,2,107898,1.0,4,E01440,0.0696311577255404,
E01322,R020,Senior Product Manager,Product,1,77664,3.2,2,E01451,0.8185410012718304,
E01323,R020,Senior Product Manager,Product,1,78557,1.8,3,E01444,0.3929147195458339,
E01324,R020,Senior Product Manager,Product,2,105680,4.0,3,E01455,0.07868530770744386,
E01325,R020,Senior Product Manager,Product,3,146763,2.6,3,E01441,0.2882454873505699,
E01326,R020,Senior Product Manager,Product,2,104627,8.5,1,E01448,0.17510975014927554,
E01327,R020,Senior Product Manager,Product,2,92252,0.7,3,E01442,0.26710615676482496,
E01328,R020,Senior Product Manager,Product,2,91676,0.7,5,E01455,0.3546882569279277,
E01329,R020,Senior Product Manager,Product,2,103888,3.0,3,E01444,0.24795935294927962,
E01330,R020,Senior Product Manager,Product,1,89379,12.3,3,E01448,0.06149344447759031,
E01331,R020,Senior Product Manager,Product,2,100733,0.0,2,E01435,0.850902757900835,
E01332,R020,Senior Product Manager,Product,1,84671,0.4,4,E01434,0.6925032040737531,
E01333,R020,Senior Product Manager,Product,1,71704,4.6,4,E01447,0.5942874068807874,
E01334,R020,Senior Product Manager,Product,2,92949,2.2,5,E01454,0.7349635564469451,
E01335,R020,Senior Product Manager,Product,2,110039,0.9,3,E01446,0.6167697272292709,
E01336,R020,Senior Product Manager,Product,1,79203,0.9,2,E01444,0.5476677038783662,
E01337,R020,Senior Product Manager,Product,1,84871,5.0,4,E01449,0.21635150064259256,
E01338,R020,Senior Product Manager,Product,3,125752,2.7,4,E01452,0.5690411192783101,
E01339,R020,Senior Product Manager,Product,1,87383,1.8,3,E01439,0.4994132075635165,
E01340,R020,Senior Product Manager,Product,1,77980,3.1,4,E01440,0.7957621677102532,
E01341,R020,Senior Product Manager,Product,1,86370,2.1,3,E01434,0.8166205688326728,
E01342,R020,Senior Product Manager,Product,2,94971,6.2,3,E01446,0.6780549287352663,
E01343,R020,Senior Product Manager,Product,2,111149,3.5,3,E01449,0.48578776800034273,
E01344,R020,Senior Product Manager,Product,3,125861,0.5,1,E01449,0.08385909730783037,
E01345,R020,Senior Product Manager,Product,2,101996,2.8,3,E01442,0.895244515644247,
E01346,R020,Senior Product Manager,Product,1,86986,9.6,5,E01451,0.505191571137559,
E01347,R020,Senior Product Manager,Product,1,75050,0.1,4,E01447,0.9678697437053959,
E01348,R020,Senior Product Manager,Product,1,81959,1.7,5,E01440,0.08239088479852408,
E01349,R021,Product Designer,Product,1,76366,5.0,3,E01439,0.05834435059903875,
E01350,R021,Product Designer,Product,2,90052,0.4,3,E01439,0.6101502313549296,
E01351,R021,Product Designer,Product,1,88508,0.3,3,E01441,0.022326724606908988,
E01352,R021,Product Designer,Product,1,79680,0.6,2,E01442,0.9591365144564183,
E01353,R021,Product Designer,Product,3,131583,9.9,3,E01439,0.008588596445688434,
E01354,R021,Product Designer,Product,1,71358,1.3,4,E01446,0.7784871087569225,
E01355,R021,Product Designer,Product,2,103613,1.4,3,E01444,0.7557818152732227,
E01356,R021,Product Designer,Product,1,83440,2.8,3,E01447,0.6279534513854231,
E01357,R021,Product Designer,Product,1,74688,2.3,2,E01448,0.5936965170712318,
E01358,R021,Product Designer,Product,1,70207,0.9,2,E01437,0.6992565186020543,
E01359,R021,Product Designer,Product,2,108003,3.0,4,E01439,0.8870628831861025,
E01360,R021,Product Designer,Product,2,107501,3.3,4,E01439,0.883978511855531,
E01361,R021,Product Designer,Product,1,87313,0.7,4,E01440,0.43422958389858923,
E01362,R021,Product Designer,Product,2,91748,6.4,3,E01452,0.06898893159262764,
E01363,R021,Product Designer,Product,1,83601,4.5,3,E01444,0.7575959820132209,
E01364,R021,Product Designer,Product,2,98996,3.0,2,E01443,0.28719848891358635,
E01365,R021,Product Designer,Product,3,118995,1.2,3,E01449,0.48640320125726466,
E01366,R021,Product Designer,Product,2,100982,3.9,3,E01442,0.2758768731509731,
E01367,R021,Product Designer,Product,2,96396,8.6,4,E01442,0.15159888444502267,
E01368,R021,Product Designer,Product,1,83383,4.8,3,E01451,0.15795473848327446,
E01369,R021,Product Designer,Product,1,70131,4.6,3,E01435,0.665930842822583,
E01370,R021,Product Designer,Product,1,88982,8.1,3,E01435,0.5378842366190602,
E01371,R021,Product Designer,Product,3,128491,7.5,3,E01445,0.199524105885319,
E01372,R021,Product Designer,Product,3,135560,1.2,2,E01439,0.7581934641315571,
E01373,R021,Product Designer,Product,1,87547,6.0,4,E01443,0.815402122828564,
E01374,R021,Product Designer,Product,2,102099,0.7,3,E01438,0.6879746651077484,
E01375,R021,Product Designer,Product,2,107565,4.2,3,E01455,0.5732651521965185,
E01376,R021,Product Designer,Product,2,104293,3.0,3,E01445,0.8942178848596419,
E01377,R021,Product Designer,Product,2,101612,2.4,3,E01446,0.29271525876852755,
E01378,R021,Product Designer,Product,2,109852,1.1,3,E01444,0.6885079367315095,
E01379,R021,Product Designer,Product,2,93572,0.4,3,E01435,0.6009902927219272,
E01380,R021,Product Designer,Product,2,113247,8.2,4,E01438,0.5919576808546662,
E01381,R021,Product Designer,Product,2,104150,5.0,4,E01448,0.3491528340072415,
E01382,R021,Product Designer,Product,1,86968,7.9,4,E01454,0.2732007393634157,
E01383,R021,Product Designer,Product,2,90135,5.8,3,E01435,0.06251157246285177,
E01384,R021,Product Designer,Product,1,83158,0.7,4,E01438,0.42904937395543297,
E01385,R021,Product Designer,Product,1,71665,0.3,4,E01442,0.732523041750212,
E01386,R021,Product Designer,Product,1,72535,10.2,3,E01440,0.5838685840126933,
E01387,R021,Product Designer,Product,1,71740,5.6,2,E01434,0.9559840786168124,
E01388,R021,Product Designer,Product,2,93940,8.9,3,E01454,0.11302994084940021,
E01389,R021,Product Designer,Product,2,92777,1.0,3,E01447,0.4985939152454749,
E01390,R021,Product Designer,Product,1,76058,2.9,3,E01440,0.08058827515605427,
E01391,R021,Product Designer,Product,1,82083,2.3,2,E01437,0.9288927198282756,
E01392,R021,Product Designer,Product,1,76015,3.7,3,E01444,0.2719800488934285,
E01393,R021,Product Designer,Product,3,142315,0.9,2,E01454,0.34256204817362423,
E01394,R021,Product Designer,Product,2,109935,0.0,4,E01450,0.7673606746224283,
E01395,R021,Product Designer,Product,3,124182,2.0,3,E01438,0.8725409820512624,
E01396,R021,Product Designer,Product,1,74049,0.0,3,E01443,0.9678532925980797,
E01397,R021,Product Designer,Product,2,114939,5.7,3,E01455,0.44426850216357117,
E01398,R021,Product Designer,Product,1,77085,0.9,3,E01455,0.2352608719636219,
E01399,R021,Product Designer,Product,1,74681,3.7,3,E01454,0.9325633331475767,
E01400,R021,Product Designer,Product,1,74627,2.4,3,E01444,0.6010487097778836,
E01401,R021,Product Designer,Product,3,145145,0.2,4,E01445,0.9034728312690563,
E01402,R021,Product Designer,Product,1,88324,2.6,3,E01439,0.18200294444127818,
E01403,R021,Product Designer,Product,1,87945,4.9,4,E01444,0.8278773905555223,
E01404,R021,Product Designer,Product,1,83996,3.9,3,E01450,0.8373255319740252,
E01405,R021,Product Designer,Product,1,79757,12.6,4,E01442,0.97766711747164,
E01406,R021,Product Designer,Product,2,91153,0.5,2,E01454,0.3695445927999065,
E01407,R021,Product Designer,Product,2,102677,11.9,4,E01450,0.40669243097578833,
E01408,R021,Product Designer,Product,2,92351,2.0,2,E01438,0.6866510598449916,
E01409,R021,Product Designer,Product,2,111456,0.7,3,E01438,0.28900046814170277,
E01410,R021,Product Designer,Product,1,83227,2.3,4,E01445,0.7416463955941985,
E01411,R021,Product Designer,Product,3,133789,2.5,3,E01441,0.9463943066528822,
E01412,R021,Product Designer,Product,1,77675,2.2,3,E01453,0.5304024566345518,
E01413,R021,Product Designer,Product,3,138191,0.2,3,E01435,0.5817261441472207,
E01414,R021,Product Designer,Product,3,134707,4.8,3,E01450,0.24692898328375978,
E01415,R021,Product Designer,Product,1,75105,0.1,3,E01443,0.21731438245017265,
E01416,R021,Product Designer,Product,1,82154,1.1,3,E01452,0.23630727532916485,
E01417,R021,Product Designer,Product,3,123989,8.4,2,E01438,0.3002325794001298,
E01418,R021,Product Designer,Product,3,123535,5.3,2,E01441,0.7805940593832342,
E01419,R021,Product Designer,Product,2,106721,0.3,3,E01454,0.7765901728966194,
E01420,R021,Product Designer,Product,2,104696,0.6,4,E01436,0.23846120804712934,
E01421,R021,Product Designer,Product,3,126807,0.2,3,E01443,0.39162436706319104,
E01422,R021,Product Designer,Product,3,132152,1.0,2,E01455,0.964464440178009,
E01423,R021,Product Designer,Product,1,77592,7.0,3,E01438,0.40193598777111483,
E01424,R021,Product Designer,Product,2,105550,1.9,2,E01448,0.4127871658267862,
E01425,R021,Product Designer,Product,1,78104,0.5,3,E01440,0.8530370864762752,
E01426,R021,Product Designer,Product,1,75438,1.0,3,E01448,0.7873452307992199,
E01427,R021,Product Designer,Product,1,80103,0.8,3,E01437,0.45066578805182944,
E01428,R021,Product Designer,Product,1,84179,1.0,3,E01442,0.8149452460914995,
E01429,R021,Product Designer,Product,1,73586,0.3,3,E01435,0.34494791013397763,
E01430,R021,Product Designer,Product,3,145224,0.7,5,E01439,0.03704789376009099,
E01431,R021,Product Designer,Product,2,90019,4.6,2,E01435,0.28454002738796225,
E01432,R021,Product Designer,Product,1,85465,9.3,4,E01436,0.8965511727365131,
E01433,R021,Product Designer,Product,3,144608,1.9,3,E01449,0.08908038847358613,
E01434,R022,Product Team Lead,Product,4,159762,0.7,3,E01456,0.7952742922313654,
E01435,R022,Product Team Lead,Product,4,178315,6.2,3,E01456,0.4932191184185809,
E01436,R022,Product Team Lead,Product,4,183511,0.3,3,E01458,0.24022231332192456,
E01437,R022,Product Team Lead,Product,4,161031,0.6,3,E01459,0.30857951854836374,
E01438,R022,Product Team Lead,Product,4,180977,4.7,3,E01457,0.9078108326331192,
E01439,R022,Product Team Lead,Product,4,152200,3.4,3,E01459,0.8257045415831391,
E01440,R022,Product Team Lead,Product,4,173647,0.9,3,E01459,0.6165353473066061,
E01441,R022,Product Team Lead,Product,4,160222,3.8,3,E01459,0.7716099739591626,
E01442,R022,Product Team Lead,Product,4,182706,5.5,3,E01456,0.8411750271306528,
E01443,R022,Product Team Lead,Product,4,186084,7.6,3,E01456,0.3821466598856239,
E01444,R022,Product Team Lead,Product,4,170738,11.6,2,E01459,0.36739553839820716,
E01445,R022,Product Team Lead,Product,4,174937,8.6,3,E01459,0.22307912365243765,
E01446,R022,Product Team Lead,Product,4,165782,3.4,3,E01459,0.03453015743058896,
E01447,R022,Product Team Lead,Product,4,167677,0.7,3,E01458,0.5556142819232013,
E01448,R022,Product Team Lead,Product,4,180145,2.3,3,E01459,0.02957496110014557,
E01449,R022,Product Team Lead,Product,4,169827,0.5,3,E01459,0.6447573597058616,
E01450,R022,Product Team Lead,Product,4,187438,2.4,3,E01456,0.5846725518236716,
E01451,R022,Product Team Lead,Product,4,175240,0.3,3,E01457,0.8621738180145726,
E01452,R022,Product Team Lead,Product,4,159890,1.9,3,E01458,0.31587418844588233,
E01453,R022,Product Team Lead,Product,4,160865,5.5,3,E01458,0.7949852225456969,
E01454,R022,Product Team Lead,Product,4,183492,1.0,4,E01456,0.5010422713677831,
E01455,R022,Product Team Lead,Product,4,182619,0.7,3,E01458,0.1985185524819817,
E01456,R023,Product Director,Product,5,222014,2.3,2,E01460,0.6462808764586875,
E01457,R023,Product Director,Product,5,216143,7.7,2,E01460,0.5878628120542178,
E01458,R023,Product Director,Product,5,190751,1.3,3,E01460,0.996610919358765,
E01459,R023,Product Director,Product,5,225432,0.8,3,E01460,0.7637383181877454,
E01460,R024,Product VP,Product,6,247187,7.0,3,E02001,0.725494382001292,
E01461,R025,Product Marketing Manager,Marketing,1,88323,1.4,3,E01596,0.3353646280528777,
E01462,R025,Product Marketing Manager,Marketing,2,94219,15.0,4,E01581,0.9314738792873959,
E01463,R025,Product Marketing Manager,Marketing,1,79392,6.0,4,E01595,0.03163714992409272,
E01464,R025,Product Marketing Manager,Marketing,2,113452,0.1,3,E01589,0.42404771220362525,
E01465,R025,Product Marketing Manager,Marketing,2,95925,3.3,2,E01583,0.8991866190480096,
E01466,R025,Product Marketing Manager,Marketing,2,104158,6.8,3,E01591,0.07429756835213164,
E01467,R025,Product Marketing Manager,Marketing,1,74668,4.3,3,E01584,0.49260461667460387,
E01468,R025,Product Marketing Manager,Marketing,1,85219,1.1,3,E01593,0.7725736236284891,
E01469,R025,Product Marketing Manager,Marketing,2,113825,3.2,2,E01590,0.0484024762066112,
E01470,R025,Product Marketing Manager,Marketing,1,83511,0.4,2,E01594,0.3393448925450534,
E01471,R025,Product Marketing Manager,Marketing,3,142221,3.4,2,E01586,0.6631472513895882,
E01472,R025,Product Marketing Manager,Marketing,1,77524,2.1,3,E01578,0.33697222070056365,
E01473,R025,Product Marketing Manager,Marketing,2,103315,2.3,4,E01584,0.7292583649862303,
E01474,R025,Product Marketing Manager,Marketing,1,70061,7.0,3,E01592,0.3694061330751057,
E01475,R025,Product Marketing Manager,Marketing,2,106939,3.3,2,E01578,0.6868609272333405,
E01476,R025,Product Marketing Manager,Marketing,1,79198,3.0,3,E01584,0.507722596813339,
E01477,R025,Product Marketing Manager,Marketing,2,97977,4.7,4,E01588,0.11803728851689499,
E01478,R025,Product Marketing Manager,Marketing,2,99069,3.3,4,E01592,0.5704871509045732,
E01479,R025,Product Marketing Manager,Marketing,2,94115,0.5,3,E01590,0.5320462416155562,
E01480,R025,Product Marketing Manager,Marketing,2,114714,0.6,3,E01580,0.39219360765800737,
E01481,R025,Product Marketing Manager,Marketing,2,90250,2.7,2,E01578,0.859074978314675,
E01482,R025,Product Marketing Manager,Marketing,3,124694,2.1,3,E01585,0.6080581779125642,
E01483,R025,Product Marketing Manager,Marketing,2,103765,2.0,4,E01584,0.6860117400123605,
E01484,R025,Product Marketing Manager,Marketing,2,95039,1.3,3,E01585,0.14518215390626565,
E01485,R025,Product Marketing Manager,Marketing,1,89141,2.7,2,E01590,0.3885232113122711,
E01486,R025,Product Marketing Manager,Marketing,3,125159,5.9,2,E01591,0.3071472265483116,
E01487,R025,Product Marketing Manager,Marketing,2,95992,1.8,4,E01586,0.7393253610382541,
E01488,R025,Product Marketing Manager,Marketing,1,81171,5.0,2,E01589,0.12244168313155035,
E01489,R025,Product Marketing Manager,Marketing,2,104001,0.4,3,E01583,0.3176844847217142,
E01490,R025,Product Marketing Manager,Marketing,2,105463,3.1,2,E01593,0.3989069959051059,
E01491,R025,Product Marketing Manager,Marketing,1,78708,3.7,3,E01583,0.4148597566583351,
E01492,R025,Product Marketing Manager,Marketing,1,86322,1.6,3,E01578,0.729610111640446,
E01493,R025,Product Marketing Manager,Marketing,2,92630,3.3,3,E01581,0.2391346717679228,
E01494,R025,Product Marketing Manager,Marketing,3,144780,10.1,3,E01583,0.3461257305399976,
E01495,R025,Product Marketing Manager,Marketing,1,80647,0.5,3,E01582,0.11375510944206602,
E01496,R025,Product Marketing Manager,Marketing,3,127781,0.6,3,E01591,0.7605775881839085,
E01497,R025,Product Marketing Manager,Marketing,1,77838,2.6,3,E01583,0.2573244476357506,
E01498,R025,Product Marketing Manager,Marketing,2,112372,1.2,4,E01582,0.33206963045134574,
E01499,R025,Product Marketing Manager,Marketing,1,81403,0.1,3,E01590,0.31122434254509945,
E01500,R025,Product Marketing Manager,Marketing,2,112794,2.5,3,E01594,0.4761374959739044,
E01501,R025,Product Marketing Manager,Marketing,1,70436,0.9,3,E01585,0.8101555522692067,
E01502,R025,Product Marketing Manager,Marketing,2,97164,4.3,2,E01583,0.6508569419783834,
E01503,R025,Product Marketing Manager,Marketing,3,128637,2.5,3,E01591,0.4931945472277275,
E01504,R025,Product Marketing Manager,Marketing,2,96599,3.2,3,E01590,0.899004913275505,
E01505,R025,Product Marketing Manager,Marketing,2,92728,5.3,2,E01588,0.6363643630266245,
E01506,R025,Product Marketing Manager,Marketing,2,99384,2.8,3,E01579,0.9853272048971166,
E01507,R025,Product Marketing Manager,Marketing,2,110930,2.1,4,E01596,0.6581321549428448,
E01508,R025,Product Marketing Manager,Marketing,3,127357,4.3,3,E01595,0.05618266655678428,
E01509,R025,Product Marketing Manager,Marketing,3,149671,2.5,2,E01594,0.7215550204679624,
E01510,R025,Product Marketing Manager,Marketing,2,97380,10.7,4,E01580,0.45286692348466817,
E01511,R025,Product Marketing Manager,Marketing,2,99556,3.4,2,E01586,0.8298511102532201,
E01512,R025,Product Marketing Manager,Marketing,1,71607,3.8,3,E01585,0.8701485838345581,
E01513,R025,Product Marketing Manager,Marketing,1,73922,2.2,3,E01594,0.5319389424823144,
E01514,R025,Product Marketing Manager,Marketing,1,87506,3.6,3,E01585,0.6692891256990837,
E01515,R025,Product Marketing Manager,Marketing,3,123112,15.0,3,E01590,0.6415577290898564,
E01516,R025,Product Marketing Manager,Marketing,3,119873,3.6,3,E01583,0.36178301964669746,
E01517,R025,Product Marketing Manager,Marketing,3,148372,2.9,3,E01594,0.9402522285039723,
E01518,R025,Product Marketing Manager,Marketing,3,149444,0.1,2,E01588,0.040943554229336154,
E01519,R025,Product Marketing Manager,Marketing,1,89663,5.1,3,E01583,0.05932433723709296,
E01520,R025,Product Marketing Manager,Marketing,3,130323,1.6,3,E01587,0.597079151830101,
E01521,R025,Product Marketing Manager,Marketing,2,91392,9.4,3,E01587,0.4699629597619942,
E01522,R025,Product Marketing Manager,Marketing,2,99197,1.7,3,E01593,0.3309198158580998,
E01523,R025,Product Marketing Manager,Marketing,1,87190,3.2,3,E01581,0.8641180073462097,
E01524,R025,Product Marketing Manager,Marketing,3,135521,0.4,3,E01596,0.6997084630011107,
E01525,R025,Product Marketing Manager,Marketing,1,89306,4.2,3,E01579,0.9120609318049889,
E01526,R025,Product Marketing Manager,Marketing,2,90747,3.4,3,E01593,0.9217114852054774,
E01527,R026,Marketing Generalist / Content,Marketing,3,148307,0.7,3,E01579,0.7739375023308064,306.0
E01528,R026,Marketing Generalist / Content,Marketing,3,118185,0.9,3,E01591,0.2001524301377241,316.0
E01529,R026,Marketing Generalist / Content,Marketing,1,74516,2.1,3,E01587,0.5080565337674089,304.0
E01530,R026,Marketing Generalist / Content,Marketing,2,109533,0.5,3,E01581,0.6717691292567772,224.0
E01531,R026,Marketing Generalist / Content,Marketing,2,97282,0.6,3,E01588,0.7872090470698484,141.0
E01532,R026,Marketing Generalist / Content,Marketing,3,120184,0.8,4,E01582,0.4601903564366687,438.0
E01533,R026,Marketing Generalist / Content,Marketing,2,103036,1.0,3,E01596,0.11511197802402495,320.0
E01534,R026,Marketing Generalist / Content,Marketing,1,83423,0.4,4,E01578,0.11962139500822211,380.0
E01535,R026,Marketing Generalist / Content,Marketing,2,90131,7.0,2,E01578,0.4790285803985702,68.0
E01536,R026,Marketing Generalist / Content,Marketing,1,72079,9.4,3,E01579,0.8831536591477617,370.0
E01537,R026,Marketing Generalist / Content,Marketing,1,72670,0.9,3,E01591,0.9052459452206003,330.0
E01538,R026,Marketing Generalist / Content,Marketing,3,130532,0.9,3,E01592,0.5245700960415303,119.0
E01539,R026,Marketing Generalist / Content,Marketing,1,73094,0.4,3,E01586,0.5939174679737665,253.0
E01540,R026,Marketing Generalist / Content,Marketing,1,86314,2.2,1,E01579,0.8689484174144384,5.0
E01541,R026,Marketing Generalist / Content,Marketing,1,86399,3.8,3,E01594,0.5679279378197816,368.0
E01542,R026,Marketing Generalist / Content,Marketing,2,103281,15.0,3,E01583,0.586218438195903,123.0
E01543,R026,Marketing Generalist / Content,Marketing,2,100888,1.3,2,E01583,0.08378755378254987,14.0
E01544,R026,Marketing Generalist / Content,Marketing,1,73906,4.7,3,E01585,0.5214873056748639,112.0
E01545,R026,Marketing Generalist / Content,Marketing,1,82920,6.8,3,E01581,0.8443476692923763,352.0
E01546,R026,Marketing Generalist / Content,Marketing,2,105649,3.4,3,E01580,0.5125046090039623,290.0
E01547,R026,Marketing Generalist / Content,Marketing,2,100052,1.7,3,E01588,0.23247599202012625,130.0
E01548,R026,Marketing Generalist / Content,Marketing,1,71044,2.7,3,E01584,0.08556199427629818,93.0
E01549,R026,Marketing Generalist / Content,Marketing,3,139880,0.7,3,E01588,0.8514003605487075,294.0
E01550,R026,Marketing Generalist / Content,Marketing,3,141437,3.5,3,E01582,0.218801474351346,164.0
E01551,R026,Marketing Generalist / Content,Marketing,3,146088,4.4,2,E01595,0.9174188489733145,17.0
E01552,R026,Marketing Generalist / Content,Marketing,2,113149,1.0,4,E01585,0.09323956878626627,425.0
E01553,R026,Marketing Generalist / Content,Marketing,3,147101,4.5,2,E01581,0.35522241038653846,75.0
E01554,R026,Marketing Generalist / Content,Marketing,2,106217,9.9,3,E01581,0.8989015824567121,98.0
E01555,R026,Marketing Generalist / Content,Marketing,1,88464,1.2,3,E01584,0.6485337518718418,192.0
E01556,R026,Marketing Generalist / Content,Marketing,3,142354,2.5,2,E01578,0.0378646839568656,25.0
E01557,R026,Marketing Generalist / Content,Marketing,2,90909,2.3,2,E01593,0.17422074338995264,91.0
E01558,R026,Marketing Generalist / Content,Marketing,2,106296,3.9,3,E01595,0.7101808577442447,256.0
E01559,R026,Marketing Generalist / Content,Marketing,1,88359,0.1,3,E01591,0.8463441658719859,251.0
E01560,R026,Marketing Generalist / Content,Marketing,3,119272,0.5,3,E01592,0.5805740922049165,189.0
E01561,R026,Marketing Generalist / Content,Marketing,1,80414,4.1,3,E01581,0.1461101204705244,148.0
E01562,R026,Marketing Generalist / Content,Marketing,2,91141,2.4,2,E01592,0.07005717085109298,76.0
E01563,R026,Marketing Generalist / Content,Marketing,1,71392,2.4,3,E01592,0.9958496566561326,102.0
E01564,R026,Marketing Generalist / Content,Marketing,1,71609,0.8,3,E01582,0.8058158215441666,247.0
E01565,R026,Marketing Generalist / Content,Marketing,2,100317,7.2,3,E01590,0.8365305581983074,363.0
E01566,R026,Marketing Generalist / Content,Marketing,3,131156,1.7,4,E01595,0.675170301234932,432.0
E01567,R026,Marketing Generalist / Content,Marketing,3,147128,2.8,2,E01587,0.29379371832314083,64.0
E01568,R026,Marketing Generalist / Content,Marketing,1,82701,0.7,3,E01593,0.10426580637500171,307.0
E01569,R026,Marketing Generalist / Content,Marketing,1,77505,0.0,3,E01596,0.8020604785804764,214.0
E01570,R026,Marketing Generalist / Content,Marketing,2,91135,0.8,2,E01585,0.5544653369269197,50.0
E01571,R026,Marketing Generalist / Content,Marketing,2,114478,1.8,4,E01582,0.04629029339060797,378.0
E01572,R026,Marketing Generalist / Content,Marketing,3,116691,1.2,2,E01583,0.8004937650369224,86.0
E01573,R026,Marketing Generalist / Content,Marketing,2,105253,0.7,3,E01587,0.516743675715498,342.0
E01574,R026,Marketing Generalist / Content,Marketing,3,131739,0.4,3,E01593,0.6689850864608899,333.0
E01575,R026,Marketing Generalist / Content,Marketing,1,79711,0.4,2,E01591,0.008842239751462588,36.0
E01576,R026,Marketing Generalist / Content,Marketing,2,97959,0.6,3,E01578,0.6302319197318315,111.0
E01577,R026,Marketing Generalist / Content,Marketing,2,102410,0.9,3,E01591,0.3879034886815117,117.0
E01578,R027,Marketing Manager,Marketing,4,162031,3.6,3,E01598,0.4669340075258216,
E01579,R027,Marketing Manager,Marketing,4,184500,1.1,3,E01597,0.571975843200486,
E01580,R027,Marketing Manager,Marketing,4,189543,5.7,3,E01599,0.6160425928774123,
E01581,R027,Marketing Manager,Marketing,4,153634,6.6,2,E01598,0.8021311806742089,
E01582,R027,Marketing Manager,Marketing,4,177640,5.2,3,E01599,0.8187740014614302,
E01583,R027,Marketing Manager,Marketing,4,178456,1.1,3,E01598,0.18620913483996515,
E01584,R027,Marketing Manager,Marketing,4,174629,0.2,3,E01599,0.9780808753811013,
E01585,R027,Marketing Manager,Marketing,4,177684,1.5,4,E01599,0.911036418272755,
E01586,R027,Marketing Manager,Marketing,4,181338,6.9,3,E01598,0.1759955469086204,
E01587,R027,Marketing Manager,Marketing,4,161459,4.0,3,E01598,0.685818814720437,
E01588,R027,Marketing Manager,Marketing,4,170103,0.6,3,E01597,0.39518985185041433,
E01589,R027,Marketing Manager,Marketing,4,154224,2.6,3,E01599,0.9077987837377468,
E01590,R027,Marketing Manager,Marketing,4,187712,6.3,3,E01598,0.5282724950416946,
E01591,R027,Marketing Manager,Marketing,4,168596,1.6,3,E01598,0.5388628685101491,
E01592,R027,Marketing Manager,Marketing,4,187852,0.8,3,E01597,0.6677094144422597,
E01593,R027,Marketing Manager,Marketing,4,165736,1.1,3,E01599,0.05088110964199699,
E01594,R027,Marketing Manager,Marketing,4,176707,0.3,3,E01598,0.3700646483573248,
E01595,R027,Marketing Manager,Marketing,4,183064,3.7,3,E01598,0.14438939526983363,
E01596,R027,Marketing Manager,Marketing,4,177057,0.1,3,E01599,0.1188696090246465,
E01597,R028,Marketing Director,Marketing,5,224957,4.6,3,E01600,0.16203245505790964,
E01598,R028,Marketing Director,Marketing,5,206841,1.9,2,E01600,0.9761383443723288,
E01599,R028,Marketing Director,Marketing,5,200055,0.6,3,E01600,0.5128119925522963,
E01600,R029,Marketing VP,Marketing,6,244869,3.4,3,E02003,0.5725199887506442,
E01601,R030,Legal Counsel,G&A,2,108694,5.7,4,E01816,0.6814321476507472,
E01602,R030,Legal Counsel,G&A,2,106664,0.5,3,E01833,0.027194438240900842,
E01603,R030,Legal Counsel,G&A,1,85156,0.4,3,E01823,0.7542610645820078,
E01604,R030,Legal Counsel,G&A,2,104179,2.3,3,E01811,0.850669384715362,
E01605,R030,Legal Counsel,G&A,2,99377,0.9,4,E01825,0.38736252533690696,
E01606,R030,Legal Counsel,G&A,2,98008,2.3,4,E01812,0.7702908688711744,
E01607,R030,Legal Counsel,G&A,1,86761,3.2,3,E01828,0.3014944474651753,
E01608,R030,Legal Counsel,G&A,2,110204,0.1,3,E01803,0.31511304421846187,
E01609,R030,Legal Counsel,G&A,1,71229,1.0,3,E01814,0.31728374506068835,
E01610,R030,Legal Counsel,G&A,1,83630,8.8,3,E01828,0.35196120058345515,
E01611,R030,Legal Counsel,G&A,3,145427,1.0,3,E01810,0.7874003881728248,
E01612,R030,Legal Counsel,G&A,3,124908,2.3,3,E01817,0.8463909939137583,
E01613,R030,Legal Counsel,G&A,1,84876,1.0,3,E01822,0.6685699610467368,
E01614,R030,Legal Counsel,G&A,1,84949,15.0,3,E01808,0.3568758184997235,
E01615,R030,Legal Counsel,G&A,1,86050,0.2,3,E01806,0.9619958637762026,
E01616,R030,Legal Counsel,G&A,3,143593,4.1,4,E01817,0.20341137009926746,
E01617,R030,Legal Counsel,G&A,1,76952,7.3,3,E01833,0.882227634174696,
E01618,R030,Legal Counsel,G&A,2,94878,1.1,3,E01816,0.8495469547820002,
E01619,R030,Legal Counsel,G&A,1,83048,0.7,3,E01816,0.7467711880578238,
E01620,R030,Legal Counsel,G&A,2,105356,0.7,2,E01827,0.9535911326900436,
E01621,R031,Technical Recruiter,G&A,2,93692,6.5,2,E01823,0.03478823853339519,
E01622,R031,Technical Recruiter,G&A,3,116099,5.0,2,E01808,0.884563575482348,
E01623,R031,Technical Recruiter,G&A,2,106564,0.5,4,E01806,0.5465555615743591,
E01624,R031,Technical Recruiter,G&A,1,77929,0.8,3,E01817,0.8566882644563898,
E01625,R031,Technical Recruiter,G&A,1,71562,1.4,4,E01830,0.14906218803300986,
E01626,R031,Technical Recruiter,G&A,2,108469,1.3,2,E01815,0.8214908137160444,
E01627,R031,Technical Recruiter,G&A,2,93827,4.2,4,E01807,0.8671281805145858,
E01628,R031,Technical Recruiter,G&A,2,104259,1.9,3,E01804,0.2859955680112388,
E01629,R031,Technical Recruiter,G&A,1,86888,1.1,3,E01810,0.21064094160913638,
E01630,R031,Technical Recruiter,G&A,2,108811,5.5,3,E01805,0.7772928821459795,
E01631,R031,Technical Recruiter,G&A,3,116966,0.8,2,E01832,0.7289833252087978,
E01632,R031,Technical Recruiter,G&A,3,149948,3.0,3,E01808,0.03601203804418096,
E01633,R031,Technical Recruiter,G&A,1,81533,6.5,4,E01810,0.6532223653920212,
E01634,R031,Technical Recruiter,G&A,1,76719,3.6,2,E01815,0.43310479515911926,
E01635,R031,Technical Recruiter,G&A,1,83457,2.4,3,E01807,0.23024119590355374,
E01636,R031,Technical Recruiter,G&A,3,118471,4.7,2,E01819,0.34174107606899307,
E01637,R031,Technical Recruiter,G&A,1,88733,3.2,3,E01821,0.8152021950964327,
E01638,R031,Technical Recruiter,G&A,1,76974,2.3,3,E01825,0.09521513429495632,
E01639,R031,Technical Recruiter,G&A,3,140859,0.6,4,E01805,0.5370111299283903,
E01640,R031,Technical Recruiter,G&A,2,90060,1.8,4,E01831,0.44515884945694995,
E01641,R032,Finance Analyst,G&A,1,74094,7.5,3,E01819,0.4466371215253099,353.0
E01642,R032,Finance Analyst,G&A,1,71355,0.2,3,E01804,0.030701735004198594,201.0
E01643,R032,Finance Analyst,G&A,1,76509,6.5,2,E01832,0.030575279386260812,71.0
E01644,R032,Finance Analyst,G&A,1,73165,0.6,3,E01833,0.1266150724395706,172.0
E01645,R032,Finance Analyst,G&A,1,87339,3.8,3,E01813,0.9554520622191043,190.0
E01646,R032,Finance Analyst,G&A,2,110863,2.1,3,E01814,0.7721896809716366,176.0
E01647,R032,Finance Analyst,G&A,3,132858,1.3,2,E01823,0.2899764265666601,38.0
E01648,R032,Finance Analyst,G&A,1,84743,1.2,3,E01826,0.2968497647671098,234.0
E01649,R032,Finance Analyst,G&A,1,77673,0.9,3,E01822,0.5275702216000623,244.0
E01650,R032,Finance Analyst,G&A,2,107653,4.9,3,E01811,0.8366632312009326,282.0
E01651,R032,Finance Analyst,G&A,1,78078,3.6,4,E01807,0.4853651760631882,449.0
E01652,R032,Finance Analyst,G&A,1,86483,4.2,3,E01825,0.14720041882138302,261.0
E01653,R032,Finance Analyst,G&A,2,103665,5.4,4,E01815,0.9021972521947517,455.0
E01654,R032,Finance Analyst,G&A,1,88570,2.5,3,E01823,0.2673857306119287,140.0
E01655,R032,Finance Analyst,G&A,2,105541,6.8,3,E01811,0.8037183203857117,240.0
E01656,R032,Finance Analyst,G&A,3,120749,1.2,3,E01801,0.9605167777846542,343.0
E01657,R032,Finance Analyst,G&A,3,121083,3.0,3,E01830,0.7642885622587559,181.0
E01658,R032,Finance Analyst,G&A,2,91968,7.7,3,E01829,0.7533879342847428,318.0
E01659,R032,Finance Analyst,G&A,3,140608,0.8,3,E01806,0.5237078261652,127.0
E01660,R032,Finance Analyst,G&A,3,131379,0.1,4,E01802,0.5782576789684999,421.0
E01661,R032,Finance Analyst,G&A,3,146844,11.6,3,E01814,0.5020843105945286,105.0
E01662,R032,Finance Analyst,G&A,2,112386,2.3,4,E01817,0.039696345550523704,417.0
E01663,R032,Finance Analyst,G&A,2,99438,1.4,3,E01824,0.07956492581881514,255.0
E01664,R032,Finance Analyst,G&A,1,75331,10.1,2,E01808,0.6565986612509621,74.0
E01665,R032,Finance Analyst,G&A,2,96957,2.6,3,E01825,0.17144425630617888,286.0
E01666,R032,Finance Analyst,G&A,2,96602,2.3,3,E01820,0.47009988959961324,149.0
E01667,R032,Finance Analyst,G&A,1,81735,0.2,2,E01814,0.9643689666888554,55.0
E01668,R032,Finance Analyst,G&A,1,74295,11.2,3,E01807,0.9488772384810932,296.0
E01669,R032,Finance Analyst,G&A,1,73058,2.9,2,E01814,0.9354790348108949,42.0
E01670,R032,Finance Analyst,G&A,1,71007,4.3,3,E01821,0.5978381506055774,280.0
E01671,R032,Finance Analyst,G&A,2,111330,0.3,3,E01805,0.36069975946189214,209.0
E01672,R032,Finance Analyst,G&A,2,92786,0.3,2,E01826,0.5159338752952153,47.0
E01673,R032,Finance Analyst,G&A,2,95054,3.9,3,E01803,0.5954094536133492,369.0
E01674,R032,Finance Analyst,G&A,1,72170,1.7,3,E01820,0.4037708698704596,215.0
E01675,R032,Finance Analyst,G&A,2,104663,1.7,3,E01808,0.13565379707634495,231.0
E01676,R032,Finance Analyst,G&A,1,85705,3.4,3,E01828,0.08002859059770184,142.0
E01677,R032,Finance Analyst,G&A,3,137864,2.5,3,E01815,0.11064026434672114,129.0
E01678,R032,Finance Analyst,G&A,1,79597,4.8,2,E01813,0.6806043976308628,73.0
E01679,R032,Finance Analyst,G&A,1,87828,2.1,2,E01830,0.7406747551860391,89.0
E01680,R032,Finance Analyst,G&A,1,82207,7.6,4,E01823,0.055263288198608485,411.0
E01681,R032,Finance Analyst,G&A,1,84682,8.2,2,E01808,0.4868234930080445,53.0
E01682,R032,Finance Analyst,G&A,2,93784,1.5,4,E01815,0.27888789829357286,444.0
E01683,R032,Finance Analyst,G&A,1,84713,5.3,3,E01830,0.7669590270699674,114.0
E01684,R032,Finance Analyst,G&A,3,143282,8.6,3,E01831,0.35198632981970923,271.0
E01685,R032,Finance Analyst,G&A,2,95599,5.9,3,E01819,0.8736397420212454,357.0
E01686,R032,Finance Analyst,G&A,1,71056,2.2,3,E01804,0.2240377170058283,219.0
E01687,R032,Finance Analyst,G&A,3,127477,0.5,2,E01829,0.16644636810892333,11.0
E01688,R032,Finance Analyst,G&A,3,142084,0.9,4,E01829,0.8303252991671348,410.0
E01689,R032,Finance Analyst,G&A,2,91212,1.7,2,E01803,0.43151766142494286,52.0
E01690,R032,Finance Analyst,G&A,3,124674,3.5,3,E01801,0.7161709493263947,313.0
E01691,R033,HR Generalist,G&A,1,85963,1.3,3,E01808,0.6914055550692976,270.0
E01692,R033,HR Generalist,G&A,1,84119,1.7,1,E01829,0.7885171804550208,4.0
E01693,R033,HR Generalist,G&A,1,70110,0.7,3,E01803,0.6670709899819366,100.0
E01694,R033,HR Generalist,G&A,2,101106,0.1,3,E01803,0.9076307298409254,238.0
E01695,R033,HR Generalist,G&A,2,93959,15.0,3,E01831,0.12577287988173969,162.0
E01696,R033,HR Generalist,G&A,1,83363,5.4,2,E01824,0.4053092430966305,26.0
E01697,R033,HR Generalist,G&A,3,119284,2.2,3,E01811,0.061676727937774345,249.0
E01698,R033,HR Generalist,G&A,3,149129,10.8,3,E01804,0.14321289829229555,175.0
E01699,R033,HR Generalist,G&A,2,114712,2.9,3,E01830,0.18415704926730447,128.0
E01700,R033,HR Generalist,G&A,3,129952,3.1,3,E01826,0.15858921353665711,133.0
E01701,R033,HR Generalist,G&A,1,85098,3.0,2,E01829,0.2530524621210989,16.0
E01702,R033,HR Generalist,G&A,2,107116,0.2,3,E01808,0.8925275834011005,229.0
E01703,R033,HR Generalist,G&A,3,143499,3.3,3,E01828,0.8186283405732774,340.0
E01704,R033,HR Generalist,G&A,2,106651,3.6,4,E01803,0.47566501380392323,407.0
E01705,R033,HR Generalist,G&A,3,125503,3.3,3,E01815,0.869728265418111,194.0
E01706,R033,HR Generalist,G&A,2,98638,2.3,4,E01829,0.8278485598597413,430.0
E01707,R033,HR Generalist,G&A,1,81491,2.0,4,E01812,0.23972721296820843,418.0
E01708,R033,HR Generalist,G&A,3,120166,2.3,3,E01820,0.4114622583027573,254.0
E01709,R033,HR Generalist,G&A,2,100662,2.9,2,E01817,0.5709627415161047,56.0
E01710,R033,HR Generalist,G&A,3,127100,1.1,2,E01828,0.801766149406052,21.0
E01711,R033,HR Generalist,G&A,2,98126,2.0,3,E01818,0.2542342057468042,169.0
E01712,R033,HR Generalist,G&A,1,87129,0.5,3,E01827,0.14582121898953537,252.0
E01713,R033,HR Generalist,G&A,2,108425,6.9,3,E01819,0.22337283103399252,198.0
E01714,R033,HR Generalist,G&A,1,82833,0.9,3,E01804,0.9751034295355654,235.0
E01715,R033,HR Generalist,G&A,3,140783,1.8,2,E01815,0.3357264688881335,83.0
E01716,R033,HR Generalist,G&A,1,76331,2.6,3,E01804,6.772275296218488e-05,314.0
E01717,R033,HR Generalist,G&A,1,88934,9.3,3,E01828,0.6420390063247214,177.0
E01718,R033,HR Generalist,G&A,1,85405,1.6,3,E01824,0.3313053289365061,334.0
E01719,R033,HR Generalist,G&A,1,74404,1.1,3,E01820,0.7376461945574281,210.0
E01720,R033,HR Generalist,G&A,3,133506,4.4,3,E01828,0.6320476269838655,167.0
E01721,R033,HR Generalist,G&A,2,90497,2.6,3,E01827,0.16288280255073218,165.0
E01722,R033,HR Generalist,G&A,2,103274,6.1,2,E01806,0.07331617400516355,66.0
E01723,R033,HR Generalist,G&A,2,112979,0.9,3,E01814,0.0008876957888355186,300.0
E01724,R033,HR Generalist,G&A,1,84250,0.4,3,E01830,0.17480682167311845,332.0
E01725,R033,HR Generalist,G&A,2,100033,1.3,2,E01818,0.21085455567663702,90.0
E01726,R033,HR Generalist,G&A,1,74410,5.2,2,E01801,0.08507495004662469,88.0
E01727,R033,HR Generalist,G&A,2,94294,3.2,4,E01825,0.5849384408662924,388.0
E01728,R033,HR Generalist,G&A,1,70152,2.2,4,E01826,0.19912320111834647,390.0
E01729,R033,HR Generalist,G&A,1,78510,4.1,3,E01804,0.264687831585694,339.0
E01730,R033,HR Generalist,G&A,1,72958,3.6,3,E01821,0.4980399102421107,341.0
E01731,R034,IT Support,G&A,1,73679,1.7,4,E01823,0.26633185451315133,372.0
E01732,R034,IT Support,G&A,1,77372,0.1,3,E01813,0.7779702681761782,267.0
E01733,R034,IT Support,G&A,1,82103,1.6,3,E01803,0.14822485676143582,246.0
E01734,R034,IT Support,G&A,2,100344,0.8,2,E01813,0.9751689002388431,58.0
E01735,R034,IT Support,G&A,2,92770,5.4,5,E01817,0.8944075715203607,465.0
E01736,R034,IT Support,G&A,2,113659,1.3,4,E01811,0.384071583574659,433.0
E01737,R034,IT Support,G&A,3,140439,0.8,3,E01817,0.22735784418427407,106.0
E01738,R034,IT Support,G&A,3,127267,6.8,3,E01816,0.03566966561815599,191.0
E01739,R034,IT Support,G&A,1,75156,5.3,3,E01814,0.4109928957896487,124.0
E01740,R034,IT Support,G&A,1,81733,0.8,3,E01817,0.10849044822286813,187.0
E01741,R034,IT Support,G&A,1,72100,10.1,3,E01818,0.5825929019462261,92.0
E01742,R034,IT Support,G&A,2,102807,2.1,3,E01806,0.2536049243633287,365.0
E01743,R034,IT Support,G&A,2,96497,1.1,3,E01819,0.8090721662324125,327.0
E01744,R034,IT Support,G&A,1,83106,2.4,3,E01801,0.29102267329859055,272.0
E01745,R034,IT Support,G&A,1,80538,2.4,3,E01811,0.742606507853796,135.0
E01746,R034,IT Support,G&A,2,111922,1.8,3,E01818,0.6915965233630742,277.0
E01747,R034,IT Support,G&A,1,77252,1.1,4,E01801,0.1329904918512056,437.0
E01748,R034,IT Support,G&A,3,130049,15.0,4,E01807,0.014969238741428414,416.0
E01749,R034,IT Support,G&A,2,111728,0.8,3,E01805,0.15007874486391581,359.0
E01750,R034,IT Support,G&A,1,75615,1.6,2,E01804,0.5325963736694819,84.0
E01751,R034,IT Support,G&A,3,142643,2.2,3,E01810,0.8313604632457143,168.0
E01752,R034,IT Support,G&A,2,90947,0.4,3,E01809,0.6779215472158067,285.0
E01753,R034,IT Support,G&A,1,80412,4.2,4,E01819,0.032193096625757534,401.0
E01754,R034,IT Support,G&A,3,147838,0.6,3,E01805,0.5803415405126833,371.0
E01755,R034,IT Support,G&A,2,98684,3.2,3,E01804,0.3037186923130597,364.0
E01756,R034,IT Support,G&A,2,92014,1.4,3,E01829,0.6490258676233902,243.0
E01757,R034,IT Support,G&A,2,106486,0.7,3,E01814,0.97482927587436,310.0
E01758,R034,IT Support,G&A,3,121615,1.3,4,E01810,0.873372635876118,462.0
E01759,R034,IT Support,G&A,1,72444,0.6,4,E01823,0.7568026541360884,395.0
E01760,R034,IT Support,G&A,1,87942,13.9,3,E01822,0.5940006089070883,207.0
E01761,R035,Executive Assistant,G&A,1,74008,3.2,3,E01821,0.4105534731950772,143.0
E01762,R035,Executive Assistant,G&A,1,75202,0.6,3,E01801,0.9031262477321095,116.0
E01763,R035,Executive Assistant,G&A,2,90043,8.2,3,E01820,0.2001965918969587,196.0
E01764,R035,Executive Assistant,G&A,1,85009,0.5,3,E01822,0.25759896296179063,325.0
E01765,R035,Executive Assistant,G&A,1,82280,5.1,3,E01804,0.6547220104628682,107.0
E01766,R035,Executive Assistant,G&A,3,132901,1.9,3,E01832,0.10012696295546186,115.0
E01767,R035,Executive Assistant,G&A,3,120031,0.2,3,E01829,0.3093032527894414,323.0
E01768,R035,Executive Assistant,G&A,1,71873,0.3,3,E01825,0.12283848082718418,134.0
E01769,R035,Executive Assistant,G&A,2,110049,3.8,3,E01807,0.024429594708288982,250.0
E01770,R035,Executive Assistant,G&A,1,72643,0.1,3,E01826,0.749899353523161,257.0
E01771,R035,Executive Assistant,G&A,1,81932,6.0,3,E01817,0.7706351279526146,237.0
E01772,R035,Executive Assistant,G&A,1,89389,1.1,2,E01814,0.8695940565180853,51.0
E01773,R035,Executive Assistant,G&A,1,71249,1.0,2,E01818,0.8878917175297665,45.0
E01774,R035,Executive Assistant,G&A,2,101844,9.2,2,E01816,0.10540206343711367,44.0
E01775,R035,Executive Assistant,G&A,2,107352,0.2,3,E01822,0.5667203517226086,322.0
E01776,R035,Executive Assistant,G&A,1,87655,7.9,4,E01830,0.6903803108750137,382.0
E01777,R035,Executive Assistant,G&A,1,74291,3.6,3,E01833,0.4212478874628608,317.0
E01778,R035,Executive Assistant,G&A,1,89201,0.6,2,E01808,0.7181481090398818,77.0
E01779,R035,Executive Assistant,G&A,2,102148,5.3,3,E01828,0.9032023450804948,308.0
E01780,R035,Executive Assistant,G&A,1,78006,2.6,3,E01817,0.06875882625196272,137.0
E01781,R035,Executive Assistant,G&A,3,144799,3.3,4,E01805,0.14357615760188858,386.0
E01782,R035,Executive Assistant,G&A,1,70892,1.9,4,E01825,0.29532368147705923,452.0
E01783,R035,Executive Assistant,G&A,3,134244,6.2,3,E01812,0.14310443060393874,367.0
E01784,R035,Executive Assistant,G&A,1,87810,2.0,2,E01812,0.11257812598051153,18.0
E01785,R035,Executive Assistant,G&A,3,135888,1.4,3,E01816,0.10917262163819974,303.0
E01786,R035,Executive Assistant,G&A,2,96979,0.4,3,E01816,0.8439746459737801,344.0
E01787,R035,Executive Assistant,G&A,3,143584,1.7,3,E01820,0.6374225484997493,337.0
E01788,R035,Executive Assistant,G&A,3,128230,4.5,4,E01802,0.5246889071095897,431.0
E01789,R035,Executive Assistant,G&A,3,118246,4.3,3,E01816,0.6084049060180706,295.0
E01790,R035,Executive Assistant,G&A,2,98244,13.6,3,E01823,0.9658506971354024,278.0
E01791,R035,Executive Assistant,G&A,1,80598,0.3,2,E01823,0.8403552259161283,10.0
E01792,R035,Executive Assistant,G&A,2,95216,8.8,4,E01806,0.43663121299958507,376.0
E01793,R035,Executive Assistant,G&A,2,93589,1.9,2,E01813,0.6105926682708452,67.0
E01794,R035,Executive Assistant,G&A,1,72860,0.0,2,E01809,0.4722370963763859,82.0
E01795,R035,Executive Assistant,G&A,2,96066,1.2,2,E01802,0.16822495491030753,60.0
E01796,R035,Executive Assistant,G&A,1,88991,3.3,3,E01808,0.8482335882917388,113.0
E01797,R035,Executive Assistant,G&A,1,74846,0.2,3,E01804,0.2991394239650004,319.0
E01798,R035,Executive Assistant,G&A,2,108025,1.7,4,E01824,0.22198282221143517,391.0
E01799,R035,Executive Assistant,G&A,2,107380,0.3,3,E01831,0.5617091058932453,293.0
E01800,R035,Executive Assistant,G&A,1,78167,3.6,3,E01814,0.9795830805118487,324.0
E01801,R036,G&A Manager,G&A,4,154704,12.3,2,E01836,0.167686006457049,
E01802,R036,G&A Manager,G&A,4,181364,2.6,3,E01839,0.8893628330878401,
E01803,R036,G&A Manager,G&A,4,151791,3.5,3,E01837,0.4576483768804753,
E01804,R036,G&A Manager,G&A,4,178078,3.2,3,E01838,0.17873816664832798,
E01805,R036,G&A Manager,G&A,4,150019,8.5,3,E01835,0.2659672475475421,
E01806,R036,G&A Manager,G&A,4,188104,0.4,3,E01839,0.7219265380358184,
E01807,R036,G&A Manager,G&A,4,180388,2.1,3,E01835,0.9808639821815806,
E01808,R036,G&A Manager,G&A,4,177994,3.4,3,E01838,0.8443235527988234,
E01809,R036,G&A Manager,G&A,4,154844,1.8,3,E01838,0.9388337851976588,
E01810,R036,G&A Manager,G&A,4,182493,0.5,3,E01835,0.9077774097802295,
E01811,R036,G&A Manager,G&A,4,177093,0.8,3,E01838,0.07842484599201571,
E01812,R036,G&A Manager,G&A,4,174521,1.6,3,E01835,0.023191892600038067,
E01813,R036,G&A Manager,G&A,4,174992,6.2,3,E01837,0.18055734274460378,
E01814,R036,G&A Manager,G&A,4,157391,2.9,3,E01836,0.3135124171637803,
E01815,R036,G&A Manager,G&A,4,165157,0.2,3,E01834,0.7786300890696095,
E01816,R036,G&A Manager,G&A,4,160042,8.1,3,E01835,0.24524657322501753,
E01817,R036,G&A Manager,G&A,4,174034,7.7,3,E01835,0.4294893080062553,
E01818,R036,G&A Manager,G&A,4,151466,3.0,3,E01836,0.13098858371096966,
E01819,R036,G&A Manager,G&A,4,186007,2.3,3,E01836,0.5491054581502166,
E01820,R036,G&A Manager,G&A,4,189228,1.5,3,E01838,0.7305720911216443,
E01821,R036,G&A Manager,G&A,4,184296,3.3,2,E01836,0.34564613728086224,
E01822,R036,G&A Manager,G&A,4,188246,1.4,4,E01837,0.705165461014071,
E01823,R036,G&A Manager,G&A,4,164318,4.1,3,E01838,0.6631079179233864,
E01824,R036,G&A Manager,G&A,4,150437,4.7,4,E01834,0.6706200021054235,
E01825,R036,G&A Manager,G&A,4,167084,9.1,4,E01838,0.7247263827233199,
E01826,R036,G&A Manager,G&A,4,186221,5.8,4,E01838,0.28341289115946633,
E01827,R036,G&A Manager,G&A,4,186962,1.9,3,E01837,0.7587358658762805,
E01828,R036,G&A Manager,G&A,4,168422,6.9,3,E01839,0.9181098590252047,
E01829,R036,G&A Manager,G&A,4,168126,1.8,3,E01834,0.28930474819785734,
E01830,R036,G&A Manager,G&A,4,153701,2.2,3,E01836,0.0634120164493871,
E01831,R036,G&A Manager,G&A,4,159525,4.6,2,E01839,0.6775895453241899,
E01832,R036,G&A Manager,G&A,4,167511,6.0,3,E01834,0.8260574243189815,
E01833,R036,G&A Manager,G&A,4,163645,3.1,3,E01838,0.026405611546803542,
E01834,R037,G&A Director,G&A,5,196668,2.8,3,E01840,0.6502947849100288,
E01835,R037,G&A Director,G&A,5,190827,0.7,4,E01840,0.0688142453634849,
E01836,R037,G&A Director,G&A,5,210667,2.3,3,E01840,0.24738208454747723,
E01837,R037,G&A Director,G&A,5,229353,9.3,3,E01840,0.5674980506579675,
E01838,R037,G&A Director,G&A,5,224929,0.5,3,E01840,0.11880143294714707,
E01839,R037,G&A Director,G&A,5,194226,2.3,3,E01840,0.6922698011525892,
E01840,R038,G&A VP,G&A,6,280367,7.2,2,E02002,0.7844863374005956,
E01841,R039,Infrastructure/Data Center Engineer,Operations,3,127925,0.1,4,E01990,0.22181275802505096,
E01842,R039,Infrastructure/Data Center Engineer,Operations,2,90912,15.0,3,E01975,0.6005389662416784,
E01843,R039,Infrastructure/Data Center Engineer,Operations,1,85840,2.0,3,E01985,0.7063955056878105,
E01844,R039,Infrastructure/Data Center Engineer,Operations,1,83786,1.1,3,E01988,0.2601681738324326,
E01845,R039,Infrastructure/Data Center Engineer,Operations,2,95339,0.9,4,E01991,0.6707885622912342,
E01846,R039,Infrastructure/Data Center Engineer,Operations,1,76709,5.8,3,E01977,0.8842557148907517,
E01847,R039,Infrastructure/Data Center Engineer,Operations,1,75823,0.2,3,E01987,0.7428771915114041,
E01848,R039,Infrastructure/Data Center Engineer,Operations,3,148445,10.5,3,E01990,0.17952622820070607,
E01849,R039,Infrastructure/Data Center Engineer,Operations,1,83178,1.1,4,E01993,0.8423580532176408,
E01850,R039,Infrastructure/Data Center Engineer,Operations,1,73133,2.0,4,E01987,0.6565211322862602,
E01851,R039,Infrastructure/Data Center Engineer,Operations,2,103507,3.6,4,E01974,0.21812104474838778,
E01852,R039,Infrastructure/Data Center Engineer,Operations,2,112763,3.9,4,E01979,0.15279816057844864,
E01853,R039,Infrastructure/Data Center Engineer,Operations,2,96260,1.4,4,E01988,0.034622372197495976,
E01854,R039,Infrastructure/Data Center Engineer,Operations,2,114053,1.6,3,E01989,0.8523148760776107,
E01855,R039,Infrastructure/Data Center Engineer,Operations,2,107500,9.9,3,E01987,0.9305019283742338,
E01856,R039,Infrastructure/Data Center Engineer,Operations,2,97801,1.2,2,E01993,0.7751385098549884,
E01857,R039,Infrastructure/Data Center Engineer,Operations,1,70728,0.7,3,E01991,0.3783108697462947,
E01858,R039,Infrastructure/Data Center Engineer,Operations,2,95653,11.4,3,E01974,0.6677668721635122,
E01859,R039,Infrastructure/Data Center Engineer,Operations,1,84959,0.3,3,E01978,0.22644463963742756,
E01860,R039,Infrastructure/Data Center Engineer,Operations,2,94798,0.8,3,E01977,0.596960113383502,
E01861,R039,Infrastructure/Data Center Engineer,Operations,2,93590,1.3,3,E01986,0.08803074385224485,
E01862,R039,Infrastructure/Data Center Engineer,Operations,2,103755,8.9,3,E01974,0.24653454179909795,
E01863,R039,Infrastructure/Data Center Engineer,Operations,1,84418,0.4,4,E01979,0.5354083604959579,
E01864,R039,Infrastructure/Data Center Engineer,Operations,2,112600,3.7,3,E01975,0.600521166135355,
E01865,R039,Infrastructure/Data Center Engineer,Operations,2,114650,1.4,3,E01990,0.9387603445636138,
E01866,R039,Infrastructure/Data Center Engineer,Operations,3,119396,8.7,3,E01992,0.09120483355741871,
E01867,R039,Infrastructure/Data Center Engineer,Operations,1,76120,1.8,2,E01975,0.8142657898089263,
E01868,R039,Infrastructure/Data Center Engineer,Operations,3,122560,8.2,2,E01989,0.6208699225014153,
E01869,R039,Infrastructure/Data Center Engineer,Operations,2,95568,4.4,4,E01977,0.44504315993675503,
E01870,R039,Infrastructure/Data Center Engineer,Operations,1,74983,3.6,2,E01994,0.19353083593647513,
E01871,R039,Infrastructure/Data Center Engineer,Operations,2,92178,4.8,4,E01994,0.1299421592334934,
E01872,R039,Infrastructure/Data Center Engineer,Operations,1,86670,6.8,3,E01985,0.6636958511614219,
E01873,R039,Infrastructure/Data Center Engineer,Operations,2,105522,4.5,2,E01990,0.3448266172496167,
E01874,R039,Infrastructure/Data Center Engineer,Operations,3,128713,0.1,3,E01990,0.36693308555014936,
E01875,R039,Infrastructure/Data Center Engineer,Operations,1,87979,8.6,3,E01979,0.5894189348688573,
E01876,R039,Infrastructure/Data Center Engineer,Operations,1,71624,1.6,2,E01982,0.16846276539331462,
E01877,R039,Infrastructure/Data Center Engineer,Operations,3,123413,2.4,3,E01980,0.6225562061611492,
E01878,R039,Infrastructure/Data Center Engineer,Operations,1,75262,4.4,2,E01995,0.3271607663622169,
E01879,R039,Infrastructure/Data Center Engineer,Operations,1,89806,3.1,3,E01983,0.47103421319327277,
E01880,R039,Infrastructure/Data Center Engineer,Operations,2,105698,6.2,3,E01979,0.3925377095244652,
E01881,R039,Infrastructure/Data Center Engineer,Operations,1,79923,6.8,3,E01979,0.391387157898603,
E01882,R039,Infrastructure/Data Center Engineer,Operations,1,87589,0.2,3,E01975,0.3200722547647238,
E01883,R039,Infrastructure/Data Center Engineer,Operations,3,147337,0.5,3,E01977,0.42444093163554897,
E01884,R039,Infrastructure/Data Center Engineer,Operations,2,107258,6.5,3,E01983,0.4877117142374311,
E01885,R039,Infrastructure/Data Center Engineer,Operations,1,87518,4.7,3,E01995,0.6072275352918016,
E01886,R039,Infrastructure/Data Center Engineer,Operations,3,128892,0.1,3,E01985,0.36217227834693977,
E01887,R039,Infrastructure/Data Center Engineer,Operations,3,128921,0.8,4,E01978,0.8407929201883987,
E01888,R039,Infrastructure/Data Center Engineer,Operations,2,90467,7.9,3,E01975,0.9206834141080552,
E01889,R039,Infrastructure/Data Center Engineer,Operations,2,98026,0.4,3,E01990,0.34445599979282404,
E01890,R039,Infrastructure/Data Center Engineer,Operations,3,149476,4.0,4,E01989,0.01049276396618437,
E01891,R039,Infrastructure/Data Center Engineer,Operations,2,106817,0.4,3,E01989,0.8725016973632592,
E01892,R039,Infrastructure/Data Center Engineer,Operations,2,100502,6.8,3,E01975,0.04438623898532379,
E01893,R039,Infrastructure/Data Center Engineer,Operations,1,85317,7.9,3,E01990,0.5709803699626831,
E01894,R039,Infrastructure/Data Center Engineer,Operations,1,88201,0.4,3,E01980,0.2894186397225862,
E01895,R039,Infrastructure/Data Center Engineer,Operations,1,85778,0.7,3,E01980,0.2985051041035418,
E01896,R039,Infrastructure/Data Center Engineer,Operations,1,70182,4.5,2,E01994,0.9189578899241557,
E01897,R039,Infrastructure/Data Center Engineer,Operations,1,88622,2.5,3,E01978,0.33619406751663594,
E01898,R039,Infrastructure/Data Center Engineer,Operations,3,128674,11.6,3,E01988,0.2354678721975686,
E01899,R039,Infrastructure/Data Center Engineer,Operations,1,79439,0.5,2,E01987,0.5536998276557719,
E01900,R039,Infrastructure/Data Center Engineer,Operations,1,80950,4.9,3,E01976,0.8536570424808657,
E01901,R039,Infrastructure/Data Center Engineer,Operations,1,75710,1.9,3,E01995,0.6423325324909578,
E01902,R039,Infrastructure/Data Center Engineer,Operations,1,86975,1.9,2,E01982,0.404431510951175,
E01903,R039,Infrastructure/Data Center Engineer,Operations,2,102488,7.6,4,E01982,0.2946086272713583,
E01904,R039,Infrastructure/Data Center Engineer,Operations,2,92730,1.0,3,E01977,0.624772139749614,
E01905,R039,Infrastructure/Data Center Engineer,Operations,1,86741,2.1,2,E01978,0.372153184554038,
E01906,R039,Infrastructure/Data Center Engineer,Operations,1,76175,1.0,3,E01985,0.7151408679127621,
E01907,R039,Infrastructure/Data Center Engineer,Operations,1,80084,0.9,2,E01985,0.6283339861539581,
E01908,R039,Infrastructure/Data Center Engineer,Operations,2,102055,5.7,3,E01980,0.7993674687211956,
E01909,R039,Infrastructure/Data Center Engineer,Operations,1,70107,2.9,3,E01978,0.3651843116609317,
E01910,R039,Infrastructure/Data Center Engineer,Operations,2,101370,0.9,2,E01994,0.2737388986113699,
E01911,R039,Infrastructure/Data Center Engineer,Operations,1,89572,2.9,4,E01981,0.7429919606938539,
E01912,R039,Infrastructure/Data Center Engineer,Operations,3,141892,1.4,3,E01983,0.5762406620634134,
E01913,R039,Infrastructure/Data Center Engineer,Operations,1,76157,0.6,3,E01990,0.7484908711678498,
E01914,R039,Infrastructure/Data Center Engineer,Operations,2,100513,6.7,3,E01994,0.10722969711009289,
E01915,R039,Infrastructure/Data Center Engineer,Operations,1,73028,1.6,3,E01979,0.4609605829682808,
E01916,R040,Program Manager (Ops),Operations,1,70519,0.3,4,E01981,0.6134666629607727,435.0
E01917,R040,Program Manager (Ops),Operations,1,88974,8.4,3,E01983,0.6737591323327251,104.0
E01918,R040,Program Manager (Ops),Operations,1,87185,1.2,3,E01974,0.09450945836523406,220.0
E01919,R040,Program Manager (Ops),Operations,3,141859,1.7,3,E01988,0.5572895764586842,211.0
E01920,R040,Program Manager (Ops),Operations,1,74121,7.4,3,E01993,0.3264465201519997,131.0
E01921,R040,Program Manager (Ops),Operations,1,86460,8.9,3,E01977,0.533168008755105,355.0
E01922,R040,Program Manager (Ops),Operations,3,126369,4.0,3,E01982,0.5238212823246953,174.0
E01923,R040,Program Manager (Ops),Operations,3,140336,4.6,4,E01977,0.5524755411830808,463.0
E01924,R040,Program Manager (Ops),Operations,2,94854,1.2,4,E01979,0.6013255643397342,389.0
E01925,R040,Program Manager (Ops),Operations,1,73796,15.0,3,E01995,0.4834033788464823,136.0
E01926,R040,Program Manager (Ops),Operations,2,110463,1.9,4,E01986,0.6670596395261474,464.0
E01927,R040,Program Manager (Ops),Operations,2,98969,8.9,2,E01993,0.2065035975060402,19.0
E01928,R040,Program Manager (Ops),Operations,3,139307,0.1,2,E01981,0.2672453570088842,27.0
E01929,R040,Program Manager (Ops),Operations,1,73406,2.5,3,E01993,0.41535073831253555,232.0
E01930,R040,Program Manager (Ops),Operations,1,76205,0.4,3,E01984,0.41232196642134755,185.0
E01931,R040,Program Manager (Ops),Operations,1,73504,3.7,3,E01986,0.9316890415543445,121.0
E01932,R040,Program Manager (Ops),Operations,1,76320,0.3,3,E01975,0.3480928746629258,347.0
E01933,R040,Program Manager (Ops),Operations,1,89405,15.0,3,E01985,0.9123251331270203,248.0
E01934,R040,Program Manager (Ops),Operations,1,86412,1.9,2,E01976,0.7913449791552785,39.0
E01935,R040,Program Manager (Ops),Operations,3,139813,1.8,2,E01976,0.5521082460298968,69.0
E01936,R040,Program Manager (Ops),Operations,1,70284,4.8,2,E01984,0.8401315186165239,43.0
E01937,R040,Program Manager (Ops),Operations,1,82097,2.3,4,E01979,0.32528560962974284,404.0
E01938,R040,Program Manager (Ops),Operations,1,74386,7.3,4,E01974,0.06668775485124845,374.0
E01939,R040,Program Manager (Ops),Operations,2,91258,15.0,3,E01976,0.2703956629479253,213.0
E01940,R040,Program Manager (Ops),Operations,2,103171,4.3,3,E01975,0.05896294248378675,96.0
E01941,R040,Program Manager (Ops),Operations,2,109338,1.8,3,E01985,0.26484902493642914,186.0
E01942,R040,Program Manager (Ops),Operations,1,81422,2.4,4,E01990,0.5366115824223749,429.0
E01943,R040,Program Manager (Ops),Operations,1,79961,5.6,2,E01983,0.21905850561264506,12.0
E01944,R040,Program Manager (Ops),Operations,2,100985,0.6,3,E01977,0.18256314220102565,301.0
E01945,R040,Program Manager (Ops),Operations,1,78547,3.8,3,E01977,0.7062136265599667,288.0
E01946,R040,Program Manager (Ops),Operations,2,99106,2.6,3,E01986,0.032828414973474995,108.0
E01947,R040,Program Manager (Ops),Operations,1,74125,0.8,3,E01976,0.23758455061461192,206.0
E01948,R040,Program Manager (Ops),Operations,1,87949,2.9,3,E01978,0.043211529700715845,268.0
E01949,R040,Program Manager (Ops),Operations,2,107655,1.7,4,E01986,0.3839050917684882,403.0
E01950,R040,Program Manager (Ops),Operations,2,113137,0.7,4,E01974,0.9908863631709819,439.0
E01951,R040,Program Manager (Ops),Operations,1,88245,0.0,4,E01977,0.21477347277906678,392.0
E01952,R040,Program Manager (Ops),Operations,3,123194,5.2,4,E01990,0.3167497057939094,375.0
E01953,R040,Program Manager (Ops),Operations,3,126716,3.7,4,E01974,0.14320117719964098,387.0
E01954,R040,Program Manager (Ops),Operations,1,73851,6.5,3,E01980,0.9267110376238896,292.0
E01955,R040,Program Manager (Ops),Operations,3,147699,0.0,3,E01978,0.0591059343676722,287.0
E01956,R040,Program Manager (Ops),Operations,2,98578,3.4,3,E01985,0.5253359322769671,329.0
E01957,R040,Program Manager (Ops),Operations,1,85664,1.7,3,E01991,0.8066197185930094,276.0
E01958,R040,Program Manager (Ops),Operations,1,87533,2.0,4,E01989,0.8910528145922888,456.0
E01959,R040,Program Manager (Ops),Operations,3,137703,3.0,2,E01988,0.16079913207115926,63.0
E01960,R040,Program Manager (Ops),Operations,3,122136,2.5,3,E01979,0.9860498663498134,346.0
E01961,R040,Program Manager (Ops),Operations,1,81369,1.8,2,E01985,0.6709259623445359,7.0
E01962,R040,Program Manager (Ops),Operations,3,138629,11.1,2,E01984,0.047501629360999886,80.0
E01963,R040,Program Manager (Ops),Operations,3,145140,0.5,4,E01978,0.9187010415390919,393.0
E01964,R040,Program Manager (Ops),Operations,1,76018,0.4,3,E01978,0.7512955902141757,161.0
E01965,R040,Program Manager (Ops),Operations,3,119471,1.5,3,E01984,0.45000049705959344,360.0
E01966,R040,Program Manager (Ops),Operations,1,77561,5.1,3,E01980,0.6731954118708823,118.0
E01967,R040,Program Manager (Ops),Operations,3,147519,8.2,2,E01974,0.3897852202988312,29.0
E01968,R040,Program Manager (Ops),Operations,3,121026,0.3,3,E01989,0.8594125615208884,110.0
E01969,R040,Program Manager (Ops),Operations,3,128111,5.1,2,E01981,0.16333670272183487,61.0
E01970,R040,Program Manager (Ops),Operations,1,74320,4.9,4,E01991,0.3824802367129544,414.0
E01971,R040,Program Manager (Ops),Operations,1,80065,2.0,3,E01984,0.6049112615099005,197.0
E01972,R040,Program Manager (Ops),Operations,1,89951,1.4,2,E01977,0.7295937043798046,48.0
E01973,R040,Program Manager (Ops),Operations,1,78467,2.3,3,E01976,0.14051852926155395,205.0
E01974,R041,Ops Manager,Operations,4,153429,5.4,3,E01998,0.43620906701313145,
E01975,R041,Ops Manager,Operations,4,182834,2.5,3,E01998,0.48635394867976955,
E01976,R041,Ops Manager,Operations,4,163708,1.5,3,E01999,0.7973445609051139,
E01977,R041,Ops Manager,Operations,4,184771,0.1,3,E01997,0.18153192409751528,
E01978,R041,Ops Manager,Operations,4,189345,0.5,3,E01997,0.845031871917828,
E01979,R041,Ops Manager,Operations,4,150581,5.2,3,E01996,0.5359591614357461,
E01980,R041,Ops Manager,Operations,4,180254,0.0,3,E01997,0.6115831446288876,
E01981,R041,Ops Manager,Operations,4,157571,2.6,2,E01996,0.09381428618314058,
E01982,R041,Ops Manager,Operations,4,186090,0.0,3,E01996,0.9097780391482554,
E01983,R041,Ops Manager,Operations,4,163344,2.2,3,E01997,0.3642429498372589,
E01984,R041,Ops Manager,Operations,4,181523,0.7,2,E01997,0.43354902825726993,
E01985,R041,Ops Manager,Operations,4,174700,1.2,3,E01999,0.9515935597827976,
E01986,R041,Ops Manager,Operations,4,165940,0.6,3,E01998,0.5275719346593675,
E01987,R041,Ops Manager,Operations,4,189076,3.5,3,E01996,0.4063806406435466,
E01988,R041,Ops Manager,Operations,4,185773,4.0,3,E01999,0.03365236215206224,
E01989,R041,Ops Manager,Operations,4,165124,7.0,3,E01998,0.7339316290932468,
E01990,R041,Ops Manager,Operations,4,160748,1.1,3,E01996,0.4952336373781415,
E01991,R041,Ops Manager,Operations,4,164447,7.3,3,E01997,0.349706116378532,
E01992,R041,Ops Manager,Operations,4,177640,0.2,2,E01996,0.2756778120006992,
E01993,R041,Ops Manager,Operations,4,163865,1.1,3,E01997,0.11292969116346507,
E01994,R041,Ops Manager,Operations,4,160588,1.9,3,E01999,0.10915958345277388,
E01995,R041,Ops Manager,Operations,4,169994,3.7,3,E01999,0.6795680450555371,
E01996,R042,Ops Director,Operations,5,209053,2.6,3,E02000,0.9852044060115442,
E01997,R042,Ops Director,Operations,5,215978,6.6,2,E02000,0.14114235706789402,
E01998,R042,Ops Director,Operations,5,206863,7.8,3,E02000,0.04469372292992868,
E01999,R042,Ops Director,Operations,5,194973,1.7,3,E02000,0.04051478436463141,
E02000,R043,Ops VP,Operations,6,269631,0.2,3,E02002,0.4090953658736014,
E02001,R044,SVP Engineering & Product,Corporate,7,366110,5.4,3,E02004,0.10562555455889955,
E02002,R045,SVP G&A & Operations,Corporate,7,420930,2.8,3,E02004,0.19996969226204397,
E02003,R046,SVP Go-to-Market,Corporate,7,370632,6.0,4,E02004,0.4022670386893148,
E02004,R047,CEO,Corporate,7,372589,1.9,4,,0.4497937087543955,
